id,text,gold,pred,p_non_hate,p_offensive,p_hate
UgzQwJ41Nb362FhmxmR4AaABAg,Туурай ойлойсун ишине ийгилик тууганым,non_hate,non_hate,0.7919457,0.14793286,0.06012152
Ugx-MhQ_GD0M3M8degB4AaABAg,Акмактар закон кучун билишпейтго чыгып турнули дейт полный коррупцияда ошон учун чыккыла деп турушатда ошол эле милициялар пара алып коз жуумуп журушконда Жетекчилерине катуу чара коргуло,offensive,non_hate,0.34812823,0.32275298,0.32911873
Ugzu13AB-qh7WyKwjsp4AaABAg,Атазовту да киргизип койгула тез это приказ,non_hate,non_hate,0.5755747,0.29397476,0.13045052
Ugzc51ftPJkvw958CoR4AaABAg,Тез убакта караш керек К Ташиев мырза ото татаал маселе чынында.,non_hate,non_hate,0.7299095,0.18883426,0.08125627
UgzGbe-NxaXRFEjdRbp4AaABAg,Камчы Кольбаевке татыктуу бололбайт булар.Бекер эле олтурушту.,non_hate,non_hate,0.74301165,0.16578831,0.091200046
UgzNc6To5e7_clI1aJx4AaABAg,акыйкатчы турсунбек акун биронун айтканын кылып интервию бергенден кийин жоопко тартылышын керек убагы келет ушуга катышкандар жоопко тартыласынар,non_hate,non_hate,0.5321693,0.24555579,0.22227487
Ugw54CvoTn8rjOE3sfl4AaABAg,ТИГИ БУ ДЕП СУЙЛООРДУН АЛДЫ ЖАЛТАКТАБАЙ ТУРУП АЙТЫШ КЕРЕК.ПУТИН ЧЫГАРЫП КЕТТИ ДЕП.АЛМАС АТАМБАЕВ ПУТИНГЕ ЖАГАЛДАНАМ ДЕП ОШОНУ КОРМОК.БИР ЭКИ АЙТКАНДЫ УКПАЙ.КОЗУН МАЙ БАСЫП.,non_hate,hate,0.31990755,0.33821982,0.34187263
UgziMLkgS7aLIR5x_0p4AaABAg,Бийликти тоготбогон копкон акмактар,offensive,offensive,0.19728608,0.50873154,0.29398233
UgwUQqNaeqCKlim0ATl4AaABAg,Олтуруш керек буларды,hate,non_hate,0.38030666,0.34856325,0.27113014
UgxJZrnOcnWFP_qf5GF4AaABAg,"Абайлаш керек ыдык , ыдык деп олтуруп бул бизнеске айланып кетбесин ...",non_hate,non_hate,0.61588204,0.19955748,0.18456051
UgxHWvAGQ168LRrqi-94AaABAg,ЭЙ КАЙСЫЛ ИТ ЧЫГАРЫП ЖАТАТ БУЛ ВИДИНУ БАШЫ ЖОК КЫРГЫЗСТАНДА ЖАШАП КЫРГЫЗСТАНДЫН ДУШМАНЫГОО АКМАК КУДАЙ ЖАЗАСЫН БЕРСИН КИМ БОЛСО ДА САДЫР ЖАПАРОВ ДЕП КОЙОТ ИТ. ЭЛДИН ДУШМАНЫ ЭКЕН БУЛ,offensive,hate,0.32256392,0.33574113,0.34169498
UgyhY81MCBQ9Q67G2lJ4AaABAg,"кыргыз бийлиги силер манкурт экенсинер,кантип кайсы бетинер менен отурасынар.кыргыздын баатырларын олтуруп кыргыздын душманын кызыл килем тошоп учурганынар бул коттук,силер котсунор",offensive,hate,0.32909292,0.33070377,0.3402033
UgzpSS9OMj8sRFdSKoR4AaABAg,Ботукаевге эч кайсы кыргыз эч нерсе кыла албайт чечендер котунорду айрып койот,offensive,offensive,0.3216343,0.36776656,0.31059912
Ugyp3pLzv5DtML0KgLh4AaABAg,Тагиев болбосо кайарадан башталат,non_hate,non_hate,0.6640085,0.20975731,0.12623417
Ugz_8N_Po7XDflFBw7p4AaABAg,Мындай турамес жайларды жабып салышкерек адамдарды жаштарды бузат мындай жерлер,non_hate,non_hate,0.55767,0.23066233,0.21166766
UgxU2DHZ4ovJZNSnDhR4AaABAg,С.н.жапаров. туура кылды. Камалсын баарыбыз мыизамга баш ийип жашашыбыз абзел.,non_hate,non_hate,0.5744479,0.25640768,0.16914445
UgwON0rPwSpsxdSK2h94AaABAg,Канча деген ач коздор а дуйнодо байбайлайсынар го😃😂😂😂😂😂😂😂😂,non_hate,non_hate,0.54818654,0.28592706,0.16588639
UggJsgo8W1xxs3gCoAEC,чыгарып узатып лох эле болдунар далбаёптор уялбайсынарбы хуйлар Кыргызстан эч качан онукпойт,offensive,offensive,0.21350737,0.4139647,0.3725279
UgxJKpULczwpqMsR-v14AaABAg,Азыркы биликтегилер бары уча тартып жугурушуп жургон кошоматчы шылундар Акылбек Талаибек буларды качан жоп беришет ошолорду тазалаш керек карапаим ел ошондои карапаим ел ишенет елек бугун кармалат ертеси боштондукта тангаласын,non_hate,hate,0.31787813,0.3367313,0.3453906
UgzGqFWn_Y7fnkrGdQR4AaABAg,Бул шок наркотик ташышатда пидрлер,hate,offensive,0.24806277,0.4535917,0.29834548
UgzMx7FHPQzPggWEG_p4AaABAg,Мындай уйлор азыркы кундо Кыргызстандагы чиновниктерде толтура Азыр иштеп жаткан чиновниктерди текшербейсинерби духунар да жетпейт.Иштен кеткенден кийин котунон суйлойсунор,offensive,non_hate,0.5181039,0.24283041,0.23906566
UgzZHMjQxJxFz5qdWmF4AaABAg,Бир дагы депутат таза эмес баарын кеттиришкерек,non_hate,non_hate,0.7070024,0.20888747,0.0841102
UgzjExwnxOmTPk3JxPh4AaABAg,Сиз туда или суда эле экенсизда э.,non_hate,non_hate,0.7519187,0.16663274,0.081448585
Ugw8txxUjr8Gz7VZrFd4AaABAg,Коррупция Кыргызстанда жоголбойт экенда,non_hate,non_hate,0.5587245,0.2688655,0.17241
UgyLDc3CS4YrHGtwept4AaABAg,Жалапкана тунку клуб дегени,hate,non_hate,0.55809957,0.28812793,0.15377259
UgyVXRbB_SPt6LEwqT14AaABAg,Лөлүлөр кор болуп курттап өлсүн ооомийин,hate,non_hate,0.3672226,0.33842525,0.29435217
UgxxmGfkeTgIoeA0b-B4AaABAg,Жакыпбеков сени о дуйнодо камчы колбаев кутуп жатат😂😂😂,non_hate,non_hate,0.57902926,0.2834392,0.1375315
UgylglHWOmMk8JIBAU54AaABAg,"Акмакбек келдибековду качан текшеришет, раим атасынын жанына кошуп отургузуш керек аны, коррупция менен байыган келдибеков текшергиле",non_hate,non_hate,0.6235343,0.19851656,0.1779491
UgyClHumMrT5gzDz7mZ4AaABAg,"Коомчулукта аял кишиге кол которуп анысы аз калгансып олтуруп жаткан адамдарды биринчиден даарылагыла, сураныч! Анан башкасын ойлонгула, жетишсенер.",non_hate,non_hate,0.6050258,0.20384921,0.19112495
Ugy885F006r5LPHQiBl4AaABAg,Акмак тажиктер булардын сагы жок как баштар кырылып олушсун,hate,offensive,0.20437145,0.40092215,0.39470643
UgzMADqC6Ljn78Y6Tfp4AaABAg,"Ээх бийлик байлык чондордун чыныгы жуздору кандай, бийлик дегенде бир тууганын да тааныбайт ээх жаман эмне учун шайлангандары белгилуу аман болгула жеткен акылынар озунорго буйурсун",non_hate,non_hate,0.42755753,0.30825904,0.2641834
UgwbbVanMIsA5AXrCjp4AaABAg,Бирок чынында ошол кезде эн коп добушту Бутун Кыргызстан алган. Аны басып акыркы кылып илип коюушкан. А бугун кыйкырып жаткандар ошол кезде Мекенчилди колдогон эмессинер. Мекеним Кыргызстан менен Биримдикте чуркап жургонсунор.,non_hate,non_hate,0.54829013,0.2584886,0.19322124
UgzqQvTTN3F2djJoQPp4AaABAg,Бизде закон жок чара колдонсо кыздар жашырбай айтат акмактарды камаш кк,offensive,offensive,0.29050454,0.38636228,0.32313317
UgzhnMJMyVTaZ9s2wZp4AaABAg,"Максим озубуздун кыргыздардын 500кишисин мал катары эснптеп ,олумго жон гана жолдоп койгонуна караганда .Бул бир Британские гражанин экен да мен чындап ишенем буну олтурууго буйрук бергендигине.",non_hate,non_hate,0.45196813,0.28311077,0.2649211
UgzHwdFJv-4JxzoUnPl4AaABAg,Матраимов Райым шешен сс Бут эле элдин акчасын уурдап алыптыр. Ал акчаны жем чачкандай кичинеден продажныйларга чачып коюп журдуда ушуга чейин.,hate,non_hate,0.44610184,0.2911357,0.26276246
Ugw5IrZrReo_svi526d4AaABAg,Лондон котоктолгон дейви ??))) Башында эфир,offensive,non_hate,0.47415638,0.329724,0.1961196
UgyU_riiHR1GWR-FHeV4AaABAg,"Азаттык азаматсыздар ишинер илгери болсун,",non_hate,non_hate,0.6737037,0.21013524,0.11616108
UgwDr1GN8ti1twWBg4x4AaABAg,Шайлообек деген шакалды ким шайлады билими абдан томон мамлекеттк кызматта бир кун иштебей депутат болду биздин элдин денгээлинне жараша экен,offensive,non_hate,0.67545325,0.20201717,0.1225296
UgjSfZde5ENMRngCoAEC,Биздин чиновниктерде уят ийман патриотчулук деген эч теке жок.Уяты жок манкурттар.Кыргыз элим кимдерге калды кунубуз.Манкурттар Манкурттар манкурттар,offensive,offensive,0.3321269,0.3450202,0.32285288
UgxVkC-UsWaJq5Q7RxJ4AaABAg,биздин кыйндарды олтуруп батукаевти бошотунар котор,non_hate,non_hate,0.63018215,0.22360389,0.14621401
Ugy5kFh-VEzx35yBzUF4AaABAg,Бети жок 24 саат ким иштей алат надира кетип калчы,offensive,non_hate,0.73740405,0.16357581,0.09902016
UgxIh68bfLeMrvLdhRN4AaABAg,БАТУКАЕВ ВОР ЕМЕС АЛ БОЛГОНУ ПЕДИК,hate,non_hate,0.5501782,0.31340554,0.13641626
UgxXd2xMQBovprYi8VJ4AaABAg,Ташиев Камчыны олтуруп озунун адамдарын ОПГ кылып алыптыр да 😏,non_hate,non_hate,0.54439837,0.26635697,0.18924466
UgySux_Vn8DW3NnWxL14AaABAg,Максимди президент кылыш керек эле,non_hate,non_hate,0.74610066,0.16582851,0.08807086
UgyteGnwri47l3gAJAd4AaABAg,"Органдын адамдары силерге уят эле да уялбайсынарбы мыйзам мыйзам деп олтуруп мыйзамды депселеп бузуп жаткандар озунорсунор,Кыргызстан озунордун кызыкчылыгынар учун колдонгудай менчигинер эмес.",non_hate,non_hate,0.47331536,0.2896146,0.23707005
Ugwqc89ZyJSHQGMxGjl4AaABAg,Эй торт коз журналис жакшы жумуш кылдым деп ойлоп атасынбы бийликтегилерден мактоо алам деп ойлодунбу акмак торт коз,hate,non_hate,0.3934425,0.29794824,0.30860928
UgwNivb3rfExapFzuMF4AaABAg,Максим бакиев озу иштеп таап анан олтурган жок ар кимди олтуруп уй куруп алган демек бул ак эмес ак жашаган жакшы биронун уй булосун кууратып аталарын олтуруп балдарын сыздаткан да ошол бева калган ыйлар тынч уктатпасын Кудай Кудай,non_hate,hate,0.32138035,0.30997527,0.36864436
UgwEY59mLeGPisIRgLx4AaABAg,Кыскасы Садыр Нуркожоевич красавчик айрыды😂😂😂,non_hate,offensive,0.36978024,0.38446367,0.24575607
UgxYT0Vvg5dXxTD4fet4AaABAg,Ее ешшек эмнеге башкалардын Ден соолугуна карабайсынар Арам акмактар силердин балдарынарды олтурсун ошол чечен кыздарынды зордосун эшектер,hate,offensive,0.2586209,0.37914988,0.36222926
Ugz9FiinzQIrCOzZbtJ4AaABAg,Рахмат ГКНБ тазалаш керек акмактарды Кыргызды эмес Адамдык сыпаттыда жок еылар бул манкурттар,offensive,offensive,0.17664938,0.45374084,0.36960986
UgyiVGdNr4FM5OApjZl4AaABAg,Канча деген адамды кыйнап олтурушту экен,non_hate,non_hate,0.7088428,0.17678988,0.114367284
UgyND-WN9FimLyXdJFJ4AaABAg,Бляяя жестко кылыш керек чыккынчыларды,offensive,offensive,0.3050054,0.35165417,0.34334043
UgygqP66RucPAexeE9p4AaABAg,Гопкон акмактарда. Эмне айрымасы бар. Колбаевтан,offensive,non_hate,0.584595,0.2879859,0.12741911
UgzbTAAvd5kp_Fe39L54AaABAg,Эки миллион деген ал Бир машына,non_hate,non_hate,0.6573624,0.24756494,0.09507269
UgwthKTXANMwRWeTDep4AaABAg,Наркотик жалаптык ушундай гейлер бузукулук адам олтуруулор ушундай жерлерден чыгат особенно тунку клубдар ислам динине жат корунуш болуп эсептелет анан тунку клуб ачып бизнес кылган адамдар дагы эн арам бизнес болот,hate,hate,0.31266308,0.32991567,0.3574213
UgykwoWPr1vnlEp4jNx4AaABAg,"Депутаттар ыдык болобергиле, элди тынч койгула. Жумушунар жок болсо мектептер мамлекеттик акча топтотконду токтоткула. ЫДЫК ЭТО ЧТО ТАКОЙ. Кыргыздын создугундо жок соз. Цифровое деген созду санарип деп чала сабат депутаттар котордунар. КОК мээлер цифровое - сандык башкаруу. Качан онолосунар 6 чакырылыштын эркектерин чимкирик дешти, ачлдарды эмдеш керек уят эле. ЫДЫК педиктин синоними.",hate,non_hate,0.38908863,0.314402,0.29650933
UgyYpaQjUdlfNUSqWMd4AaABAg,Мындай мамлекетик кызматта иштеп мындай туура емес иштегендерди катуу чара корулсун,non_hate,non_hate,0.72388595,0.16246997,0.11364406
Ugyf_XpjptC3yhV313J4AaABAg,Ал хуйня ашанын уйун корсотсонор Тадж махалго кайсыл акчага салган??? Каякта 2012 жылы Китай кыргызстанга 4 миллиард Берген кредит каяка жумшалды эмне салынды эчтемке жок,offensive,non_hate,0.4830291,0.27361375,0.24335714
Ugz3B2es4rKfZBrXaj14AaABAg,Эркектер бузуп жатат деген жалаптар силер жалапсынар. Ата энең койнунан уурдап чыгып сигип койгонсуп өзүңөр ыңгайсыз жерди ыңгайлуу кылып ачып берген силерде күнөө темселеп жүрөсүңөр ар жерде сигарет чегип. Күнөөңдү айтса беш кол тең эмес деп чыгасыңар көрүп эле жатабыз го кыздарды катындарды ошолорду көрүп кантип аял кишиге ишенесиң андай жалаптарды көргөн киши чын сүйлөсө дагы ишенбей калат,hate,hate,0.33316126,0.32544357,0.34139517
UgyHMhlaQf0ftlhVkax4AaABAg,"Акаевти камаш керек биринчиден ошол акмак баштады бут корупцианы кумтор учун,армиа учун ачка калган солдаттар.камчи менен кошо жургондор министерлер байлар журот эч ойлонбой.камаса чекеден камасын туштук тундукко болунбой",offensive,offensive,0.3149375,0.34353474,0.34152773
Ugw_iAHLN4TubyEldj54AaABAg,Тунку клуб деп аты эле айтып. турат.. жабылсын!!! Жаштар туну менен темселеп ушундай жерлерде журушуп.. кундуз окуудан жок де иштеген иши жок..ата эненин мойнунда олтурушат жук болуп!!!,non_hate,non_hate,0.39383447,0.2995312,0.30663437
UgzfmKot4-ch9GFxMeZ4AaABAg,"Акмак дагы бир жолу акмак силерге окшогон Элин стакан жерин саткан эл бузар мекенин саткан Бакиевчилер, Атамбаевчилер АЛЛАнын буйругу болсун эки дуйнодо,элиндин жериндин Мекениндин ырыскысын жеген айвандар Жана дагы айвандар силерге каргыш ,каргыш Жана дагы каргыш наалат, Уурдап кеткен уурдап алган ар бир кенедей нерсенерден чон бир буйюумга чейин буйурбасын силерге Элимдин ,Жеримдин,Мекенимдин атынан НААЛАТ, НААЛАТ, НААЛАТ. НААЛАТ, НААЛАТ",offensive,hate,0.3143001,0.3401715,0.3455284
UgyDiQhT07K-X91vloV4AaABAg,Эх желедей эл тараптырго,non_hate,non_hate,0.62307733,0.23951498,0.13740763
UgyLYp0F18zESebuqhJ4AaABAg,Генерал болбой өлсүн каргыш тийсин шүмшүк.,hate,non_hate,0.65299314,0.2285516,0.11845527
Ugwe7Qf0Jq_nZHbUh2B4AaABAg,"Бул жапайылардын бүт кылмыштарын тактап, эл аралык сотко бериш керек. Генпрокуратура ушул жолу чара көрбөсө, каны төгүлгөн жигиттердин өлүмү кечирилбейт!",offensive,non_hate,0.5650369,0.2373898,0.19757333
Ugyg21t1qmGjkhhC7iN4AaABAg,рысалиев деген эшек койберген азыр депутат,offensive,non_hate,0.62700295,0.2500142,0.12298286
UgzI7e86wlN6KLkD4kd4AaABAg,Генерал шохту козуго атышкерегеде биздин снайперлер,hate,offensive,0.22236362,0.47258624,0.30505013
UgyHlqKNfPE6Uucf9MB4AaABAg,Маладец айзада сана окшоп ошол кыздар журналист той алпарган болсо озун айткандай секистешип кетет эле да,non_hate,non_hate,0.55753595,0.260039,0.18242505
UgwacS-9oXhQ4HVGWGp4AaABAg,Арабташып кеттик деген акмактар каяктасыңар ?илгери кыргыздар кальян чегип клубда котун коргозуп бийлеп журушчу беле?,offensive,offensive,0.3242113,0.34647188,0.32931685
UgwH_ws3YaxlHGdFRNJ4AaABAg,Над ра нарматова матраимов бажыдан уурдап силерге берген альайткойсонор болмок мына квнолуулор,non_hate,offensive,0.26551172,0.43096808,0.30352017
Ugx6NYkPNQN7FpYVtfl4AaABAg,Соз жок акмактарга кудайга гана койолук. элим кудай коргозсун башка эмне дейбиз.,non_hate,non_hate,0.38775474,0.29715675,0.3150885
Ugy-McvkIo2tPcSTgXd4AaABAg,"Ата бергиле по хуй,афганбы тажикби,эненди скейлерди",hate,offensive,0.2202591,0.45637745,0.3233634
UgxDm2GEhkyFgEZAbQx4AaABAg,"Баарын соттош керек же болбосо бирден таап олтуруш керек. Каргышка калган наркоман иттер, уй було бала чаканар менен кошо каргыш тийсин силерге. Уурдаган нерсенер тешип чыксын буйрубасын сукалар",hate,hate,0.25936466,0.3452842,0.39535114
UgyPTR9LsEnezeo3ho54AaABAg,Жап жаш жанында полковниктер чуркап журот,non_hate,non_hate,0.5652688,0.2901242,0.14460705
UgyljCME8FWdIcLd8Wt4AaABAg,Ошондо булар кимдин бандасы Ташиевдикиби мына сага ОГП.,non_hate,non_hate,0.71856594,0.20359834,0.07783578
UgyBgptl9KfH3MtiZtl4AaABAg,"Израильде еврейлерге кол салуу болгондо, еврейлер кол салгандардын бироосун да тируу калтырышбайт. Алар бир аз убакыт откондон кийин , ким кол салганы аныкталгандан кийин, кол салгандарды бирден ууландырып, тумчуктуруп олтуруп жок кылышат еврейлердин спецслужбасы. Сасыган тажиктерди да ошондой кылыш керек",hate,non_hate,0.36341166,0.31114617,0.32544214
UgwQIR3VNCe3OukVBeN4AaABAg,"Талкуунар магга жакты колдоймун мыйзамга киргизгиле тезирак,,👍👍",non_hate,non_hate,0.5590649,0.25872293,0.18221217
UgytSZPt1YceUYmOurR4AaABAg,Ушул эле кыргызга жетишпей турду эле.эмнеге чыгышат мындай акмактар.Рита Карасартова ны камак салгыла.чыкпай турган кылып.тажатты бул аял.,offensive,non_hate,0.49069357,0.26496798,0.24433842
Ugz_DwlSJmHPErVnlh54AaABAg,Ал акмакты антарасынан чаап салыш керек,hate,offensive,0.34119245,0.3513362,0.30747133
UgzegWmDWwIVxvowD_l4AaABAg,Эркектер ыдык корсотмок тугул кыздарды олтурушуп койуп жатат,non_hate,offensive,0.35001904,0.36148268,0.2884983
UgyT14tifrx9QSvoJdR4AaABAg,"Эми ойнондунарбы кальянды текшерип? Баардык жерде кальян, тамеки, электрондук тамекини свободно чегип жатышат! Аялдамаларда, офистерде кенен чегип жатышат, ЭМНЕГЕ ОШОЛОРГО ЧАРА КОЛДОНУЛБАЙТ!?",non_hate,non_hate,0.39838368,0.29743007,0.30418625
UgwL_d3zNdt-9QRiMNJ4AaABAg,Оо Сартбашов да камалыш керек кыргыз деген уулутту да жок кылган ушул кок мээ саттылып кетти Тайир кытайларга,offensive,non_hate,0.45400974,0.29818332,0.24780692
UgxZePnbJsw5VhlWNuB4AaABAg,Максим Бакиев акылдуу ал значт британияга да керек адам экен биз баркына жетпедик,non_hate,non_hate,0.7261638,0.16881295,0.105023265
Ugxl1qNSiWifm8ex8uB4AaABAg,Акмактар туура кылат силерди ташиев настоящий генерал,offensive,offensive,0.30295643,0.3845656,0.31247795
Ugx1dB7buMuG5vmKych4AaABAg,Жалаптар көбөйгөн заманда чын сүйлөп таза жашайм деп аракет кылба дейтко,hate,non_hate,0.69642055,0.1706652,0.1329142
UgyGG68Feil2X6Qh5hx4AaABAg,Соке болду эми сен факты факты деп журуп 3 жылды откордун текшерип болдун😂,non_hate,non_hate,0.6814126,0.19351962,0.12506774
UgwUUtBOmokRrwJsWrx4AaABAg,Еей акмактар кайдагы талку бул нерсени жолго кою учун ислам дини менен жашоо керек,offensive,hate,0.3068439,0.3172031,0.37595302
Ugw_enKmRKcERpHCSzN4AaABAg,"Олуп эле алгыла, ха деп чечен куйругун туйдубу. Уят Уят акмактар жооп берчу кунунор келет .",hate,hate,0.2715083,0.34616402,0.38232765
Ugzsu_5VWPGHBLUUiS14AaABAg,Энеңди сучка таз рита саткын лесби...,hate,offensive,0.20404878,0.4261056,0.3698456
Ugx8cR19Zmjaqrl23B14AaABAg,Штарав Салгыла Айовсуз Булжерде Бары Ахретини Ойлобогондор Окшойт Буларды Энелер Торогонбу Же Эшектен Пайда Болгонбу Тоба Тоба,offensive,offensive,0.31472272,0.34498084,0.34029642
UgwjK9ikAvi7Iu_p9y94AaABAg,"Максим бакиевдин элине кылган акмакчылук жоруктары бут эл билет жада калса жаныбарларда жерге тукурот ,элдин эсебинен уурдап алып качкан шакалдарга наалат ,козу жаман капыр кудай жазасын берсин козунон ирин ,кулагынан кан чыгарсын табарсыгы оюлуп заны оозунон кюлуп кыргыз элинин акчасын жеп жатканын козуно корунуп боздосо экен журналист азаматсын эл билсин кимдин ким экенин кошоматчылык кылышып оздору турсийчен калышары менен мээлери жетишпейт жакшы деп коет, мамлекетт банкротто калдык,иликтоону элата бергиле ,уйун барып оттоп салса британдыктар сууга чоктурсун шакалды",offensive,hate,0.31910273,0.33213854,0.3487587
UgzTsOYWTJyhv-a_vtZ4AaABAg,эшек тажиктер акмактар зокурлор!!!!!,hate,offensive,0.16062906,0.53707033,0.30230063
Ugx87M52PI6ibz5cfKB4AaABAg,Матраимов куноолу! Азаттык душмандар!,non_hate,non_hate,0.5968389,0.30572987,0.09743127
Ugwq9TpySXnB2xpR-Cp4AaABAg,Кандай мусулман мусулман емес булар акмактар,offensive,offensive,0.40345874,0.42199615,0.17454518
Ugxwy2JibAS-9vYm74x4AaABAg,Атазовтун бети чыгып каптырго уят камалсын мамлекетке пайдасы тийбеген элге тиебиле атазовту кошуп камасын,non_hate,non_hate,0.43965358,0.30364823,0.25669822
UgxvIZdNqePvAfwSB094AaABAg,Азиз олосо болсо эки буту менен басып кетеби саал абайлап алдасанар акмактар Аша турале камалган,offensive,offensive,0.20069246,0.45050418,0.34880325
Ugws6S-9i5sSekQpwHF4AaABAg,Эми тушундунор да неге Ташиевти жумуштан алды,non_hate,non_hate,0.7162462,0.19720209,0.08655176
UgxaV0EwhBRnA7eTU594AaABAg,Уялбай 30 жаштагы кыргызбайыбыз маршруткада 8 жашар кызга акча сунганда эч ким унчуккан жок эмнеге унчукпайсыңар ? Сабаш керек мындайларды ортого алып! Мен болбогондо кызды ким билет каякка алып кетмек эмне болмок? Акччасын өзүнө ыргытып кыйкырсам айтат жөн эле 5 алып жакшы окусун дегем дейт кыздан сурасам тааныйсыңбы десем жок дейт анан урушсам түшө качты акмакты кармап кыздын ата-энесине салып бериш керек эле мээм жетпептир да. Акмактар да педофилдер.,hate,hate,0.3314913,0.3238123,0.3446964
Ugz1CAE3rdxY-nvvLx94AaABAg,Бакиев менин балдарым акылдуу билимдүү деп эл алдында мактаныпсүйлөт канчага чейинуурдап кеткен кыргыз элинин байлыгына тайраңдап сайрандап жашашаар экен бир убакта кезеги келээр акмактардын кудай алдында жооп бересиңер.,offensive,non_hate,0.39270398,0.30957788,0.29771814
UgzERBTDeUSYpyvQLsl4AaABAg,"Жапаров туура кылды Ташиевти иштен алып,Ал Колбаевти олтуруп озу баардык нерсени озу басып алган экен.",non_hate,non_hate,0.6003132,0.22084287,0.178844
UgzLYKrThWnFiGZMInp4AaABAg,Карасан уят бет жок адрес телефон берипалып дагы какандап озунду ак кылып атасын бирок сени эл жалар праститутка секс по расчету кыз экен деп ойлодуго,hate,hate,0.32321277,0.33806315,0.33872408
Ugwmp6usxCX-w7r9dp94AaABAg,Мына ак чач Туштонкийин Актанбай эле койчу барибир билесинде кандай жол менен кетгкнин,non_hate,offensive,0.20340571,0.42809418,0.36850005
Ugz-03GjwPcd44Qctst4AaABAg,Матраимовдун иштеп аткан убагында арзан запчастьттар келчу эле жаман жагын эмес жакшы жактарын дагы караштырып койгула,non_hate,non_hate,0.53485596,0.22780314,0.2373409
UgxHTcsnz-W2ypNqu-54AaABAg,Рысалиев долдуроп торпок болуп каласында далбойоп,offensive,offensive,0.3160015,0.39695993,0.28703856
Ugw4h8psZEaAPejKzz54AaABAg,Майрам болобу башка болобу элди хуй чогулат эми плошаткада,offensive,non_hate,0.7048672,0.17961611,0.11551675
UgzY_p0qLRVMY48y_wN4AaABAg,Ай Урмат ээсин барда этегин жап дегендей туура эле кылдың сага Али эрте Колуңдан келген ишти жасап,non_hate,non_hate,0.5974268,0.21012652,0.1924467
Ugxy5v80ui_NOTrvYJ94AaABAg,Бешкектиктер емне болгонсунар Педиктерингер олгонгой,hate,offensive,0.22398683,0.42671594,0.34929723
Ugwz_YPVlTlW5JZyiol4AaABAg,Бляяя-бут эле ТИЛИ БУЗУКУЛАР.,offensive,offensive,0.26839608,0.44728947,0.28431448
UghPfSujZkVoa3gCoAEC,"Азиз Батыхаев Кыргызстандан барыш менен анын адамдары Москвада канчалаган кыргыздарды Уруп кыйнап тоноп Аран иштеп тапкан Зарплаталарын алып койуп журду ""метро кочодо жургон кыргызды канчасын Уруп канчасын олтуруп койду аны эчким айтканда жок айткысыда келбейт.Алардын баарына силер кунолусунор Шамил Атахановтордун уй булосу",non_hate,non_hate,0.33823174,0.3323382,0.32943007
Ugxx1pYC8S5zykl3Fyd4AaABAg,Акыретте өтө жаман ахвалда лгбт ларга каршы түшүндүрүү иштерин жүргүзүү керек Кудай алар менен сүйлөшпөйт түз тозокко кетирет дуал кылалы коомду таза сактап урпактарга өткөрүп берели,hate,non_hate,0.38282406,0.30738258,0.30979338
UgwhSFx8YS82DuLOHIp4AaABAg,Бул озу Эду деген жана тегерегиндеги 40 чоросу мурдагы Матраимовдун спортсмендери.Анткени Эду деген гугулда Матраимовдун жана Саркарбаев менен тушкон суроттору коп экен.,non_hate,non_hate,0.47436193,0.28050175,0.2451363
UgzfOuZ5kOn_b-u_dUR4AaABAg,8 март жалаптардын майрамы бүгүн канча деген зына болот. Жаш кыздар үй бүлөлор бузулат бүгүн.,hate,non_hate,0.6165481,0.21224263,0.17120923
UgzmFc6GRFNw7NIdZSp4AaABAg,Туркияда атасынан чон турктор менен ойноп журот кореяда чалдарга тийген Кыргыз кыздар журот аларга да мыйзамды иштеткиле анда,non_hate,offensive,0.3437379,0.35246977,0.3037923
UgxHuV9ZqVAvGCaMJt54AaABAg,"Баары тобу менен жүрүшүп бир урууга күчү жетпегенине таңгалыштуу и жиркеништүү, ОН что этот батукаев как председатель ПРООНа жер жүзүндөгү эң атактуу кишиден бешбетер урматтаганыңар адамдын күлкүсү жана даже противно слушать, ошо бир адамды уруну ушунчалык барктаганыңар это коошмар беспредел негизи адам эмессиңер кто его выпустил, надо было его просто застрелить и все....",offensive,non_hate,0.39884585,0.30674037,0.29441378
UgxiZ2G611Z41PACn0R4AaABAg,"Раим.Матраимовдун тагдыры кыйын эле,башка Өлкөгө качып эле кетпесе бул киши адам өлтүрүү кылмыштарына айыпкер катары жоопко тартууга мүнкүн.",non_hate,non_hate,0.68500495,0.2005193,0.1144758
Ugx5p5T-NaXuUBFBe0V4AaABAg,Диндеги жавык кийин эркектер отурган жерге киргизбеген эркек айал Аделна отурган той топурда ушунун баары тувра,non_hate,hate,0.25449815,0.37011185,0.37539
UgxoZFuXajqwVhODJel4AaABAg,Её бул амирика,non_hate,offensive,0.34908184,0.43763295,0.21328527
UgysAHmxMhyyfi0tZEN4AaABAg,"Генерал фашист экен, террорист озундун элин жазалайт убакыт келип, карапайым тажик эли тушунбой жаттатта азыр ,бул агресоорду озун олтуруп салышса болмок",offensive,non_hate,0.42193463,0.29326624,0.2847991
UgzmY1ewW-lqhfXXaDZ4AaABAg,Качырбай30адамы менен соокторун кулго айландырыш керек эле эшектердин,hate,offensive,0.17776966,0.41252035,0.40971
Ugz0IS2-mYohN5qlCIx4AaABAg,Сука пидор бача-бози тазик,hate,offensive,0.23977299,0.41348222,0.3467448
UgyjZxm7MVFzS2-Z6KB4AaABAg,ТУУРА АЙЗАДА ТУУРА СУЙЛОДУ. Кыздар барыле 😅🤣 десе эркек жолугалы деп айтатта кыз бала жогол деп жооп берип салса . Баардык эркек кой ыймандуу кыз экен молодец деитта,non_hate,non_hate,0.34349966,0.32808992,0.32841045
Ugzkn_XLXAELLkWSIH54AaABAg,Ыймансыздардын майрамы бизге кереги кереги жок дегендер лайк баскыла,non_hate,non_hate,0.50057226,0.28244573,0.21698202
Ugy6bxkxbSsqgHb9xKx4AaABAg,"Качанкыга чейин эле элдин акчасын ушуга окшогон акмактар чыгарып кете берет, андай акчалар эл учун качан кызмат кылат. Ошол уйу ал оруска буйрубай калсын, Бакиевдин озунун баласы болсо мейли дейт элек кайактагы бир орус жаман, Бакиевдин артынан чалчактап кетти го, соогу талаада калсын элдин акчасы ага буйрубасын!!!",offensive,non_hate,0.3654872,0.31322894,0.32128385
Ugzxzy1cY8GXa0fsMRR4AaABAg,Жабыш керек түнкү клубтарды,non_hate,non_hate,0.49639225,0.30343848,0.20016927
UgwWzmN7ggNV8k-pOad4AaABAg,КРАСОВЧИК МАТРАИМОВ эр азамат эркек экен эл учун да жасады жакшылык колунан кокко тикенек келбегендер,non_hate,non_hate,0.4103017,0.32008985,0.2696085
UgwP0ONRLKuNOsi3g5x4AaABAg,Колбаев! Тируу болгондо Ташиевди баш кылып туруп баардыгын башын жулмак! Аны бекеринен олтурушкон жок да!!!,offensive,non_hate,0.7069096,0.17769052,0.11539982
Ugy8evIEc6h87n6RZiN4AaABAg,Жабылсын атасын акчасын жеп жыргап журот булар Сал камап,non_hate,non_hate,0.6826391,0.19827168,0.11908918
Ugx6_SsTVASZrIQQbAh4AaABAg,эн сонун жумуш аткарыпсыздар,non_hate,non_hate,0.7352069,0.16372675,0.10106633
Ugw79MxdyFh3YlZbYUt4AaABAg,"Динде айтылган ушундай бузукуларга олум жазасы болсун деп.Жаныбарлар менен да катнаш кылгандарга да олум,ошол жаныбарды да олтуруш керек.Бул АЛЛАХТЫН буйругу,АЛЛАХ бузукуларды жек корот.",hate,non_hate,0.3416121,0.32501495,0.33337295
UgxfzCPHLqTcZBwOo114AaABAg,Оой биздин Садыр көкме сотко бергичекти кайра эле эки жыл өтүп анан кайра баштайт тажиктер акмактар,hate,offensive,0.30235443,0.3546984,0.34294719
UgyxQ6wAzBS_v-Uw4BB4AaABAg,Жалаптар бети жоктор арасында аялын алдаган эркектер толтурадыр. 💯,offensive,non_hate,0.46513277,0.31472456,0.2201427
Ugw2oxaWoFs5Ro5dZfB4AaABAg,Едил сенозунда караталаш кашмар адамсын катындай болгон,offensive,offensive,0.23828192,0.4173818,0.34433624
UgxvZqKe8Ca4ZT0wRgp4AaABAg,Манкурттар. Эне-тилин жеериген манкурттар.,offensive,offensive,0.16304399,0.4475488,0.38940716
Ugx5erErmsPRiCWsbip4AaABAg,Шакал таджиктер. Эл аралык сот карасын мындай мыкаачылыкты. Шохту под трибунал,hate,non_hate,0.44570953,0.3301736,0.22411682
UgzyU8DTwouOxrofsSx4AaABAg,Алиге кыргыз Эл баатыр наамын бериш керек,non_hate,non_hate,0.6073344,0.24727966,0.14538595
UgxdTKkaLTq9LcrtrY94AaABAg,Котун жалап жургондор коп болгон матраимовду,offensive,non_hate,0.5307572,0.31538585,0.15385696
Ugzjt4e2yZsdJSM8fod4AaABAg,БАКИЕВДЕРДИ КАМАШ КЕРЕК ЖЕ ТАШ БАРАНГА АЛЫП ОЛТУРУШ КЕРЕК,hate,offensive,0.33285275,0.34041354,0.32673374
Ugy2l8PVvwdEXtQF7ud4AaABAg,энендурайын манкурттар колдой бергиле озунор. колдогу пансионатынарды озбектерге берип жатат. казинону ачты. кемпир абадды беришти дагы колдой бергиле дабдырлар,offensive,hate,0.3047933,0.32988212,0.36532456
UgyNiqOm_UVOspcItPx4AaABAg,"Туйруш керек буларды ойгонсонор боло,намыс деген жок калды",hate,non_hate,0.4954904,0.2863481,0.21816146
Ugz0X_FC9yBn5t0Z9r94AaABAg,Лондондогу уйлор ото кымбат.!!! Ал акчага ушундай уйдон КРга 5 ти салса болот,non_hate,non_hate,0.50898504,0.23855647,0.25245845
UgyAnUW7xsooYF1XduB4AaABAg,Тунку клуб дар жабылсын мындай акмактар жок болсун Кыргызстан таза ыймандуу кыздарды тарбияласын,offensive,hate,0.33402085,0.33085558,0.33512357
UgxwvhsiuRNOupn4Ra94AaABAg,"14:45 😂😂😂 западлого даже артынан чуркаш 😂😂😂 7м чуркаганда эркек , суйлогондо канчык 😂",offensive,non_hate,0.3816433,0.32591918,0.29243752
Ughg7iGQgrBgiHgCoAEC,аида салянова жаляп азиз батукаевдин котогун соруп журуп,hate,offensive,0.21617019,0.40071625,0.38311362
Ugxa7OcfAXGt8RVf2yN4AaABAg,Жоопко ким тартат буларды?Же жоопсуз азатыкта жүрө беришеби?,non_hate,non_hate,0.49033877,0.26763597,0.24202521
Ugyc6D0Y8q3l5C6Q2_V4AaABAg,"Следующий САДЫР ЖАПАРОВ...!!! Кыргызга бийлик бербе ушундай болот...,",non_hate,non_hate,0.7139905,0.1765155,0.10949399
UgzH_OkwiRVxXrPZM-B4AaABAg,Жабыш керекда клубтарды,non_hate,non_hate,0.57667136,0.29211798,0.13121063
UgziLSXeBO3ftlDLWiR4AaABAg,Эн бай конкурентти ыргытты.,non_hate,non_hate,0.59577686,0.26972038,0.13450278
UgzED9rbfSyCXCXjujB4AaABAg,Батухаевге чыккан мед заключение башка адамга да иштейби на Аида Саляновага иштеген мыйзам башкаларга да иштейби денег суроо бизди на бушайман кылат,non_hate,non_hate,0.5248596,0.25931737,0.21582305
UgzIGKlzSbPivRl6mvh4AaABAg,"Кимдер коргоп келетт азыркы бийлик эле икучуктору. Акаев тасты суттон ак кылдыго. Акаев таз уйротту акча квйсы жерде жкенин,Кемпир - Абад миллиард доллар?.",non_hate,non_hate,0.55332196,0.27324632,0.1734317
UgygkBIPBb62vHov1w94AaABAg,Армияны кучотуш керек чурката бербей армияга спорт залдарды ачып жакшы даярдаш керек балдарды,non_hate,hate,0.3139613,0.2633512,0.42268747
UgzDm38Zivf7CaF0oWJ4AaABAg,"Ушул эшектердин суротун эстеп калгыла,жер тоголок акыры колго тушот бул шайтандар",offensive,hate,0.21650074,0.37664568,0.4068536
UgzSJLUD49DQwT4Xnjh4AaABAg,Мунун бары акмакчылык уят шерменде батукаев менен кыргыздын ар намысы обройу уяты кого учуп кетти уят уят уят,non_hate,offensive,0.2747606,0.37381518,0.3514242
Ugw28u52l0aKiv-Uk854AaABAg,Наёмник барбы барып мыкаачылык менен олтуруп келиш керек экен.,hate,non_hate,0.57914937,0.23172349,0.1891272
UgzphYw7DQdKgiQCzqB4AaABAg,"Ташкенин кучукторуда ,, кантип эле озу МЕНЕН озу эле кызматка туруп алсын ,,, таймурас саймурастар менее мафияда ,,, ,, качтыго качты элди жерди таштап ,, бети чыдабай",non_hate,non_hate,0.37144086,0.3253239,0.30323523
Ugxp3-BWOQxuqV29arx4AaABAg,Рада Туманбаева эмне башка иш жокпу..... Тукуругунор эмне болду башты ооруттунаргоо,non_hate,non_hate,0.6038098,0.24111898,0.15507118
Ugzf864If7b1y_G7FKV4AaABAg,Чуйдо елдер акмак еле болуп калышкан,hate,non_hate,0.42667517,0.36395362,0.20937124
UgxQpHnmnnuP34B7u4p4AaABAg,Башты оорутпай Бакиевдерди териштире бербей жанынардагы Атанбайды териштирип алгылачы,non_hate,non_hate,0.41860273,0.30700493,0.27439237
UgzUbYDKsFQmhuv5VLd4AaABAg,"Ушул тажиктер, акмактар, мыкаачылар, манкурттар",hate,offensive,0.17926416,0.41517672,0.40555915
Ugwo_vWWRc7D92niUOZ4AaABAg,Колбаевти олтурушуп оздору кыргызстанда красный опга боло калышкан экенда буларды пагонун жулуп дыйкан кылып иштетиш керек,non_hate,hate,0.28255898,0.28616902,0.43127197
UgxZF_bBgGvSv6fgOCp4AaABAg,Жолук салынгандарда чегип жататго шерменде оромолду алып сал акмак аял,offensive,offensive,0.21651255,0.41733888,0.36614856
Ugzo6EteVB_E8JI7Otx4AaABAg,"Максимди жон эле каралашып олуп атышат,Максим Кыргызстанды онуктурмок батышка сатылган трайбалистер жолтоо болушуп кандуу тонкоруш кылбаганда",non_hate,hate,0.32377037,0.31167114,0.36455846
UgzDFOFSh_HwRLKBphh4AaABAg,Бул чмону акча сактайалбайт.Чмону акча Адам кылбайт!!!Акыры бул акча мунун тубуно жетет.,offensive,non_hate,0.60033345,0.20666084,0.1930057
Ugj11q-A0AR5RHgCoAEC,биздин бийлик продажный 1миллион долларга кот.к сорушат пидрлар,hate,offensive,0.34048572,0.42428482,0.2352294
UgwFFNQQBgB_Y0jlKvV4AaABAg,Сыртынан соттобойле өлтүрүп салыш керек бул шакалды,hate,non_hate,0.4642826,0.28180796,0.25390947
Ugz2sm69709UDhN3xK14AaABAg,Жел болбосо чоптун башы кыймылдабайт,non_hate,non_hate,0.57838434,0.2559057,0.1657099
Ugy7ngtdtM-Pjrp0yld4AaABAg,Блять гейпарат дагы болдубу. Карасартова баштадыбы,offensive,non_hate,0.50956964,0.2738205,0.21660985
Ugxjw7WLERoo-caIpRJ4AaABAg,Айзада маладец сени суйп калгыдай соз айттын мына ыймандуу айымсын сен менен жашаса кызганбай еркин жашаса болот 😀карындашым ыдык деп ойлобо 🙏,non_hate,non_hate,0.37747243,0.309592,0.31293562
UgwNYynzOZhk-awNxbB4AaABAg,"Мыйзамдуу ОПГ лар, соз жок Бир куну олкобузго кыямат кылмак беле жетекчиси баш болуп😮😮😮",non_hate,non_hate,0.5568305,0.26379985,0.1793696
UgwT0OB66pGyF1kXf3B4AaABAg,Админстратырни баш кылип кармап камаш кэрэк баласын коргогондойы галубойынь корговататы акмак. Карап бэр сэн эмнэ болсоны,hate,offensive,0.1980533,0.40439954,0.39754716
Ugz5idsRlUzMD38STJJ4AaABAg,Коздорун май баскан акмактар гана барат ал жака эл бузарлар,offensive,offensive,0.22569534,0.41653854,0.35776606
UgypSQVSxkuc6mLCfup4AaABAg,Намысы жок акмактар,offensive,offensive,0.3002839,0.4565388,0.24317731
UgwU_YeXTr90KKwZHVx4AaABAg,Баарынар акмаксынар баарынар билесинер ууру тойгончо жеп олгончо карганат болбогулачы анттын балекетин ал Турсунбай Акун баарынар котунорду тазалаш учун корунгонго шылтабагылачы,offensive,hate,0.303549,0.34329492,0.3531561
Ugwsd3ekbthDUI7kJgN4AaABAg,Тооба жолук салынып алып чегип отурабы 😮😮😮,non_hate,non_hate,0.53607965,0.2620309,0.20188944
UgxEWahVYyK2ll2ISo14AaABAg,Пусть пириежают хватит карангы болуп барынардын башынар бар аракты озунарга куюп атавы менинерди иштетктиле бизди да эль бильсин карангылар уйдо отурсун манас болуп кетет делом зайимитесь сплет5ники людми нада встать не дикорями бут бары кельсин добро пожаловать наркотиканы арак проситуция ны каоагыла шермкнбдебисти чыгаргандар коп милиция айбандарыбыз бар бизди у ят кылгандар мал дар бар ичтбизде,offensive,hate,0.30755046,0.34309733,0.3493522
UgyioBX2yKHwbgAUG7h4AaABAg,"Ташиевдин генерал деген наамын алып салыш керек ал жөн эле заправщик, бандит болчу. Камчы Көлбаев конкурентин өлтүрүп ордун ээлеп алган",non_hate,non_hate,0.70897245,0.18314917,0.10787835
UgxOOIVskmI3fKCzYMV4AaABAg,Эненкодугаскейндер колян чекпей эшектин ташагын соргурлар,offensive,offensive,0.17979799,0.48116437,0.3390377
UgxmnI9emtI9C_uBQTp4AaABAg,Это было 2010 году?,non_hate,non_hate,0.68392056,0.22095498,0.0951244
UgyG9gscRpTnofA75iF4AaABAg,"4-5,млн долар хуйна для бизнесмена.максим Бакиев бизнесмен болгон атасы призиден Боло електе еле..",offensive,non_hate,0.588969,0.28114527,0.12988569
Ugy43NAS4O4pJ0Jaiql4AaABAg,МИЛИЦЯЛАР козомолдош керек,non_hate,non_hate,0.5739042,0.271027,0.15506878
UgzBhzOqLfGL0XecwyF4AaABAg,"Кыздар эмне озунорду озунор коргой албайсынарбы?Жалжандабай уяттуу жеринерди жаап кийинип журсонор,силерге эч ким тийишпейт.Кокурогунорду,жамбашынарды корсотуп эркетерди дурботсонор тийишетда.(Баардык кыздар эмес,арасында болот оштокелер)",hate,non_hate,0.3421709,0.33180535,0.32602382
UgznGvZENpxj3x2mzex4AaABAg,Президентке Эми ишендим камалса1000 процент ишенем эмт,non_hate,non_hate,0.66241145,0.19928083,0.13830766
UgxxdiusJXtHx2FBJ2l4AaABAg,Ар бир адам өз каалоосу боюнча жашаганга укугу бар. Голубойбу солубойбу өздөрү билет. Главный башкаларга зыяны тийбесе.,hate,non_hate,0.54702616,0.26169822,0.19127563
UgxfYcanana6GEymbV54AaABAg,Едил сен голубой окшойсун голубойлорду колдоп бердин еле,hate,non_hate,0.42176494,0.34440264,0.23383236
UgxVh7SuXIBTTdW30Dh4AaABAg,Бляят тынч жаткан элге ок аткан чмо тажиктерди Кудай жазасын берсин.,hate,non_hate,0.5306936,0.27331108,0.19599538
UgzbFvuTBTfTRHGoh9p4AaABAg,"Эй енени ешексиккир блогер каяктан пайда болдун кот кимдикин соруп котогума окшоп емнелерди айтып жатасын Камчыбек кеч жерде иштебесе билбесе матраимов менен алакасы жок болсо пржактан бир адамга атака жашаса айтса айтып койдуда, мисалы Менделе азаттык котторго ишенбейм ишенген емессин каралоо деп ойлогомун,, ей кот етиканы сакта гандон суйлоордон алдын коток баш Ташиев емнедеген жумуштарды кылды кылып жатат между прочим сен коток Ташиевдин пайпашына тен келбейсин кот эненин амыгаскей котом сага окшогон далбаеп катынга окшогон блогерлердин оозуна сиктим кот жетимдер",offensive,hate,0.31356618,0.34103832,0.3453955
UgwGl0iNnmpYvsbah3t4AaABAg,Ушу Надира Нарматовабы иши кылып Раимдин котун жалап журуп кайра тааныбайм дейт муну созсуз жоготуш керек такыр Парламентке жолотпош керек,hate,non_hate,0.46329233,0.26141068,0.275297
UgzndzCs90SxTp1erHd4AaABAg,"Балык башынан сасыйт дейт, биринчи Чонунан Садыйдан баштап камаш кереккодейм. Садый озу Бензин ташып Бизнес кылып журуп Элдин арты м/н кызматка келдилего. Раимдын Хабибулла Сартка окшогон Мафияларын аралаштырып алганына караганда Садый озу тазаместа.",non_hate,non_hate,0.34491432,0.3233848,0.33170086
UgwpwIOTzRlcvX1gf2t4AaABAg,Эбааа Тайланд хуйня го,offensive,non_hate,0.44489598,0.3805397,0.17456439
UgwB_2jG9SOmqKzLg0l4AaABAg,Эдил байсалов колдойт буларды,non_hate,non_hate,0.6251963,0.25733283,0.1174709
Ugx1fMSPuyXa7nN0zFp4AaABAg,Калмаматов туура айткан экен,non_hate,non_hate,0.65079176,0.23830493,0.11090328
UgyojZNbcgI05C5080Z4AaABAg,Рысбек акматбаев котунорду айрымак суки бирден айрымак акчага сатылган праститутки котунорду бергиле эми,offensive,hate,0.21848683,0.3864638,0.39504942
UgySeWnmAYd6nsZvVbt4AaABAg,Зарылбек акмаксың да калп айтпачы?,hate,non_hate,0.45002556,0.3467355,0.20323898
UgwKnb3a8PJIvJrGTzV4AaABAg,Атабай анан артындагы далбандар көп эле акулдуу болбогулачы силерге караганда картошка казган дыйкан акылдуу.жеенбеков эркекче сорточу эшектерди кыргыз элдин ишеничин актачы темирдей закон оңолсун.,offensive,hate,0.31109303,0.34066933,0.3482376
UgysVkKb6bP8d3QZFPx4AaABAg,Афристке боло берет бул акмак пешка экенин сезип жатабы экен,offensive,offensive,0.25884232,0.39623216,0.3449255
Ugwaxd2bUg3XW_L2PYR4AaABAg,ЛГБТ БИРО ТОЛО ЖОГОЛСУН КЫРГЫЗ ЖЕРИН БУЛГАБАЙ И УЛУТТУ БУЗУП АРАМ ИШКЕ ТУРТКОН БАТЫШ БУЗКУЛАРЫ БИРО ТОЛО ЖОГОЛСУН ❗❗⚠️⚠️,hate,offensive,0.3285753,0.33669588,0.3347288
UghQLFVRJ1204HgCoAEC,Биздин депутаттардын баары бандиттер ошол акмактар кыргызсанды артка тарткан алардын бирин калтырбай иттей атуу зарыл,hate,non_hate,0.4307223,0.30157486,0.26770285
Ugw6fOQbiPk8frtJK514AaABAg,Раимге окшогон жеп жутарлар толтура да. Чекесинен кармаш керек.,non_hate,hate,0.22970687,0.37067276,0.39962035
Ugxc8yptdIycER3ZSFl4AaABAg,"Жоксунарго арамдар сукалар силердин оордунар арамдар, ит аткандай атса жарашат сукалар Алла Таалам бар чындык бар",hate,hate,0.27987117,0.3597128,0.36041605
Ugzcgxez9LS7h28OlWt4AaABAg,Рысалиев конечно 😃😃😃😃😃😃😃,non_hate,non_hate,0.5145683,0.3345092,0.1509224
UgwJKbHFZkl0eJcUMA54AaABAg,Айзада макилдак озун да секс амбаш,hate,non_hate,0.41651943,0.36865556,0.214825
Ugx60FRoNlqj1c8HaRJ4AaABAg,Келечекти ойлогондор ото аз!,non_hate,non_hate,0.4663848,0.35933995,0.17427526
Ugxla5UubP1L6Q3BtlR4AaABAg,Аша Соке Раимди Текени Атазов Камчыбек Жолдошбаев сыяктууларды мен колдойм меники озумдуку деп ыйламсырап жургон манкурттар кичине уялсанар боло 😊 ар намыс барбы.,offensive,offensive,0.3153534,0.34499767,0.33964896
UgwD-f6bp8Ns1KuLxLh4AaABAg,Койлорум тууса атарын Пито возлин лизун кучук деп атап коё,offensive,offensive,0.29421604,0.41128042,0.2945035
UgwNdMLDPMotKf0idf94AaABAg,Садырды ташиев акмак тогунчу болуп калган,offensive,non_hate,0.36820498,0.34657282,0.28522226
UgzwMYx_WnuJyjCuvh54AaABAg,Каментарии жазгандар Аллахым жазаңарды берсин билип билбей жазбаш керек Райым елге канча жардам берди мечиттерди салып койду башка жегендер емне кылды хуй ештеке кылганжок ушундай кеткен болсо ачарчылык болот же 2чи өзбегистан болот,offensive,hate,0.33124954,0.32931426,0.33943617
UgytQUnnqWDmmAT-qJ94AaABAg,АКМАКТЫН БААРЫ ДЕПУТАТ,offensive,offensive,0.3735636,0.37649345,0.24994296
UgwbWlovYYXc8hMzgcx4AaABAg,Спортсмендер тегеректеп журотко.,non_hate,non_hate,0.5683655,0.31296304,0.11867142
UgyOFNbnchICT5sk1314AaABAg,Жалаптардай болуп кийинип алсан чакыратта,hate,non_hate,0.6161096,0.22932579,0.15456463
UgwAmcRMWQf5cWEbgEB4AaABAg,Чалып атса номерди которуш оп оной 100единицанын 25шине номеринди Котор бербе эчкимге болду ечким чалбай,non_hate,offensive,0.22104685,0.4166155,0.3623376
UgxIqxw_LlBzAXLV6GJ4AaABAg,Бул шакалдар Аллахтын алдына барганда да катуу суракка дуушар болушат! Аллахым жазасын эки дуйнодо тен берсин акмактардын.,offensive,non_hate,0.3976603,0.31952903,0.28281072
UgzHwTszYe_UYyGfB8t4AaABAg,мындай клубдарды срочно жабыш керек ушинтип акча таппай олсун акмактар андан Коро иштешсин,hate,hate,0.28992876,0.31610078,0.39397046
UgzeLbSvK9Bm6c2H-E54AaABAg,100%эркектен 10%жакшы эркектер деп ойлойм эркектер жиркеништуу,offensive,non_hate,0.5389113,0.27484602,0.18624274
Ugz9BNrPvsVGCadKY5B4AaABAg,"Бугунку куну качырышты ташиев менен садыр , садырдын , Матирайимов созссуз камалат деп кайра кайра айтканы бар эми жооп берсин ушулар . Колбаевди олтуруп козу жок адамга тоодой айыптарды тагып элдин конулун оздоруно буруп жатышат пиарит этип , ал эми Матирайимовдун олкого келтирген зыянын элестеткиле . Али Токтакунов ачыктап чыкканы боюнча 700 миллион $ ал эми ачыкталбагандары канча ??? садыр , таши булардын байланышы бар .",non_hate,non_hate,0.34371668,0.3263792,0.32990414
UghntNwlc38vsHgCoAEC,аркарлык деп болунбойлу сарт деп койсо к анан чачынды жулуп чычалайсын,offensive,hate,0.25648475,0.35923734,0.3842779
UgxKOFPKr4ZwjHkIAFF4AaABAg,Кыргызстан дын байлыгын ушинтип ташып журсо кайдан онугот кыргыздар андан коро ошол байлыкты оз олкосуно берсе болбойбу ер журок манас атабыздай аял заты болгон курманжан енебиздей аял башы менен кыргызды бириктирип кармап турган ошондой журогу таза абийри таза инсандар болушун журогубуздон кудайдан сырайт елек ишин илгери омурун узун жолун шыдыр жолукканын кызыр болсун кыргызстан учун емгенин елге жетсин ел емгегинди бааласын оомийн аллахым колдосун оомиин кыргызстан онуксун,non_hate,hate,0.31460086,0.33784723,0.34755194
UgyoUWtoX9jYU6QHyF54AaABAg,Генарал болбой ол донуз. Биздин чырактай балдарыбыздын арбагы урсун. Каргыш тийсин силерге.,offensive,non_hate,0.48781556,0.2804026,0.23178189
