id,text,gold,pred
UgzQwJ41Nb362FhmxmR4AaABAg,Туурай ойлойсун ишине ийгилик тууганым,non_hate,non_hate
Ugx-MhQ_GD0M3M8degB4AaABAg,Акмактар закон кучун билишпейтго чыгып турнули дейт полный коррупцияда ошон учун чыккыла деп турушатда ошол эле милициялар пара алып коз жуумуп журушконда Жетекчилерине катуу чара коргуло,offensive,non_hate
Ugzu13AB-qh7WyKwjsp4AaABAg,Атазовту да киргизип койгула тез это приказ,non_hate,non_hate
Ugzc51ftPJkvw958CoR4AaABAg,Тез убакта караш керек К Ташиев мырза ото татаал маселе чынында.,non_hate,non_hate
UgzGbe-NxaXRFEjdRbp4AaABAg,Камчы Кольбаевке татыктуу бололбайт булар.Бекер эле олтурушту.,non_hate,non_hate
UgzNc6To5e7_clI1aJx4AaABAg,акыйкатчы турсунбек акун биронун айтканын кылып интервию бергенден кийин жоопко тартылышын керек убагы келет ушуга катышкандар жоопко тартыласынар,non_hate,non_hate
Ugw54CvoTn8rjOE3sfl4AaABAg,ТИГИ БУ ДЕП СУЙЛООРДУН АЛДЫ ЖАЛТАКТАБАЙ ТУРУП АЙТЫШ КЕРЕК.ПУТИН ЧЫГАРЫП КЕТТИ ДЕП.АЛМАС АТАМБАЕВ ПУТИНГЕ ЖАГАЛДАНАМ ДЕП ОШОНУ КОРМОК.БИР ЭКИ АЙТКАНДЫ УКПАЙ.КОЗУН МАЙ БАСЫП.,non_hate,hate
UgziMLkgS7aLIR5x_0p4AaABAg,Бийликти тоготбогон копкон акмактар,offensive,non_hate
UgwUQqNaeqCKlim0ATl4AaABAg,Олтуруш керек буларды,hate,hate
UgxJZrnOcnWFP_qf5GF4AaABAg,"Абайлаш керек ыдык , ыдык деп олтуруп бул бизнеске айланып кетбесин ...",non_hate,non_hate
UgxHWvAGQ168LRrqi-94AaABAg,ЭЙ КАЙСЫЛ ИТ ЧЫГАРЫП ЖАТАТ БУЛ ВИДИНУ БАШЫ ЖОК КЫРГЫЗСТАНДА ЖАШАП КЫРГЫЗСТАНДЫН ДУШМАНЫГОО АКМАК КУДАЙ ЖАЗАСЫН БЕРСИН КИМ БОЛСО ДА САДЫР ЖАПАРОВ ДЕП КОЙОТ ИТ. ЭЛДИН ДУШМАНЫ ЭКЕН БУЛ,offensive,hate
UgyhY81MCBQ9Q67G2lJ4AaABAg,"кыргыз бийлиги силер манкурт экенсинер,кантип кайсы бетинер менен отурасынар.кыргыздын баатырларын олтуруп кыргыздын душманын кызыл килем тошоп учурганынар бул коттук,силер котсунор",offensive,hate
UgzpSS9OMj8sRFdSKoR4AaABAg,Ботукаевге эч кайсы кыргыз эч нерсе кыла албайт чечендер котунорду айрып койот,offensive,non_hate
Ugyp3pLzv5DtML0KgLh4AaABAg,Тагиев болбосо кайарадан башталат,non_hate,non_hate
Ugz_8N_Po7XDflFBw7p4AaABAg,Мындай турамес жайларды жабып салышкерек адамдарды жаштарды бузат мындай жерлер,non_hate,non_hate
UgxU2DHZ4ovJZNSnDhR4AaABAg,С.н.жапаров. туура кылды. Камалсын баарыбыз мыизамга баш ийип жашашыбыз абзел.,non_hate,non_hate
UgwON0rPwSpsxdSK2h94AaABAg,Канча деген ач коздор а дуйнодо байбайлайсынар го😃😂😂😂😂😂😂😂😂,non_hate,non_hate
UggJsgo8W1xxs3gCoAEC,чыгарып узатып лох эле болдунар далбаёптор уялбайсынарбы хуйлар Кыргызстан эч качан онукпойт,offensive,hate
UgxJKpULczwpqMsR-v14AaABAg,Азыркы биликтегилер бары уча тартып жугурушуп жургон кошоматчы шылундар Акылбек Талаибек буларды качан жоп беришет ошолорду тазалаш керек карапаим ел ошондои карапаим ел ишенет елек бугун кармалат ертеси боштондукта тангаласын,non_hate,non_hate
UgzGqFWn_Y7fnkrGdQR4AaABAg,Бул шок наркотик ташышатда пидрлер,hate,hate
UgzMx7FHPQzPggWEG_p4AaABAg,Мындай уйлор азыркы кундо Кыргызстандагы чиновниктерде толтура Азыр иштеп жаткан чиновниктерди текшербейсинерби духунар да жетпейт.Иштен кеткенден кийин котунон суйлойсунор,offensive,non_hate
UgzZHMjQxJxFz5qdWmF4AaABAg,Бир дагы депутат таза эмес баарын кеттиришкерек,non_hate,non_hate
UgzjExwnxOmTPk3JxPh4AaABAg,Сиз туда или суда эле экенсизда э.,non_hate,non_hate
Ugw8txxUjr8Gz7VZrFd4AaABAg,Коррупция Кыргызстанда жоголбойт экенда,non_hate,non_hate
UgyLDc3CS4YrHGtwept4AaABAg,Жалапкана тунку клуб дегени,hate,non_hate
UgyVXRbB_SPt6LEwqT14AaABAg,Лөлүлөр кор болуп курттап өлсүн ооомийин,hate,non_hate
UgxxmGfkeTgIoeA0b-B4AaABAg,Жакыпбеков сени о дуйнодо камчы колбаев кутуп жатат😂😂😂,non_hate,offensive
UgylglHWOmMk8JIBAU54AaABAg,"Акмакбек келдибековду качан текшеришет, раим атасынын жанына кошуп отургузуш керек аны, коррупция менен байыган келдибеков текшергиле",non_hate,non_hate
UgyClHumMrT5gzDz7mZ4AaABAg,"Коомчулукта аял кишиге кол которуп анысы аз калгансып олтуруп жаткан адамдарды биринчиден даарылагыла, сураныч! Анан башкасын ойлонгула, жетишсенер.",non_hate,hate
Ugy885F006r5LPHQiBl4AaABAg,Акмак тажиктер булардын сагы жок как баштар кырылып олушсун,hate,hate
UgzMADqC6Ljn78Y6Tfp4AaABAg,"Ээх бийлик байлык чондордун чыныгы жуздору кандай, бийлик дегенде бир тууганын да тааныбайт ээх жаман эмне учун шайлангандары белгилуу аман болгула жеткен акылынар озунорго буйурсун",non_hate,non_hate
UgwbbVanMIsA5AXrCjp4AaABAg,Бирок чынында ошол кезде эн коп добушту Бутун Кыргызстан алган. Аны басып акыркы кылып илип коюушкан. А бугун кыйкырып жаткандар ошол кезде Мекенчилди колдогон эмессинер. Мекеним Кыргызстан менен Биримдикте чуркап жургонсунор.,non_hate,non_hate
UgzqQvTTN3F2djJoQPp4AaABAg,Бизде закон жок чара колдонсо кыздар жашырбай айтат акмактарды камаш кк,offensive,non_hate
UgzhnMJMyVTaZ9s2wZp4AaABAg,"Максим озубуздун кыргыздардын 500кишисин мал катары эснптеп ,олумго жон гана жолдоп койгонуна караганда .Бул бир Британские гражанин экен да мен чындап ишенем буну олтурууго буйрук бергендигине.",non_hate,hate
UgzHwdFJv-4JxzoUnPl4AaABAg,Матраимов Райым шешен сс Бут эле элдин акчасын уурдап алыптыр. Ал акчаны жем чачкандай кичинеден продажныйларга чачып коюп журдуда ушуга чейин.,hate,hate
Ugw5IrZrReo_svi526d4AaABAg,Лондон котоктолгон дейви ??))) Башында эфир,offensive,non_hate
UgyU_riiHR1GWR-FHeV4AaABAg,"Азаттык азаматсыздар ишинер илгери болсун,",non_hate,non_hate
UgwDr1GN8ti1twWBg4x4AaABAg,Шайлообек деген шакалды ким шайлады билими абдан томон мамлекеттк кызматта бир кун иштебей депутат болду биздин элдин денгээлинне жараша экен,offensive,hate
UgjSfZde5ENMRngCoAEC,Биздин чиновниктерде уят ийман патриотчулук деген эч теке жок.Уяты жок манкурттар.Кыргыз элим кимдерге калды кунубуз.Манкурттар Манкурттар манкурттар,offensive,hate
UgxVkC-UsWaJq5Q7RxJ4AaABAg,биздин кыйндарды олтуруп батукаевти бошотунар котор,non_hate,non_hate
Ugy5kFh-VEzx35yBzUF4AaABAg,Бети жок 24 саат ким иштей алат надира кетип калчы,offensive,non_hate
UgxIh68bfLeMrvLdhRN4AaABAg,БАТУКАЕВ ВОР ЕМЕС АЛ БОЛГОНУ ПЕДИК,hate,hate
UgxXd2xMQBovprYi8VJ4AaABAg,Ташиев Камчыны олтуруп озунун адамдарын ОПГ кылып алыптыр да 😏,non_hate,hate
UgySux_Vn8DW3NnWxL14AaABAg,Максимди президент кылыш керек эле,non_hate,non_hate
UgyteGnwri47l3gAJAd4AaABAg,"Органдын адамдары силерге уят эле да уялбайсынарбы мыйзам мыйзам деп олтуруп мыйзамды депселеп бузуп жаткандар озунорсунор,Кыргызстан озунордун кызыкчылыгынар учун колдонгудай менчигинер эмес.",non_hate,non_hate
Ugwqc89ZyJSHQGMxGjl4AaABAg,Эй торт коз журналис жакшы жумуш кылдым деп ойлоп атасынбы бийликтегилерден мактоо алам деп ойлодунбу акмак торт коз,hate,offensive
UgwNivb3rfExapFzuMF4AaABAg,Максим бакиев озу иштеп таап анан олтурган жок ар кимди олтуруп уй куруп алган демек бул ак эмес ак жашаган жакшы биронун уй булосун кууратып аталарын олтуруп балдарын сыздаткан да ошол бева калган ыйлар тынч уктатпасын Кудай Кудай,non_hate,hate
UgwEY59mLeGPisIRgLx4AaABAg,Кыскасы Садыр Нуркожоевич красавчик айрыды😂😂😂,non_hate,non_hate
UgxYT0Vvg5dXxTD4fet4AaABAg,Ее ешшек эмнеге башкалардын Ден соолугуна карабайсынар Арам акмактар силердин балдарынарды олтурсун ошол чечен кыздарынды зордосун эшектер,hate,hate
Ugz9FiinzQIrCOzZbtJ4AaABAg,Рахмат ГКНБ тазалаш керек акмактарды Кыргызды эмес Адамдык сыпаттыда жок еылар бул манкурттар,offensive,hate
UgyiVGdNr4FM5OApjZl4AaABAg,Канча деген адамды кыйнап олтурушту экен,non_hate,non_hate
UgyND-WN9FimLyXdJFJ4AaABAg,Бляяя жестко кылыш керек чыккынчыларды,offensive,hate
UgygqP66RucPAexeE9p4AaABAg,Гопкон акмактарда. Эмне айрымасы бар. Колбаевтан,offensive,non_hate
UgzbTAAvd5kp_Fe39L54AaABAg,Эки миллион деген ал Бир машына,non_hate,non_hate
UgwthKTXANMwRWeTDep4AaABAg,Наркотик жалаптык ушундай гейлер бузукулук адам олтуруулор ушундай жерлерден чыгат особенно тунку клубдар ислам динине жат корунуш болуп эсептелет анан тунку клуб ачып бизнес кылган адамдар дагы эн арам бизнес болот,hate,hate
UgykwoWPr1vnlEp4jNx4AaABAg,"Депутаттар ыдык болобергиле, элди тынч койгула. Жумушунар жок болсо мектептер мамлекеттик акча топтотконду токтоткула. ЫДЫК ЭТО ЧТО ТАКОЙ. Кыргыздын создугундо жок соз. Цифровое деген созду санарип деп чала сабат депутаттар котордунар. КОК мээлер цифровое - сандык башкаруу. Качан онолосунар 6 чакырылыштын эркектерин чимкирик дешти, ачлдарды эмдеш керек уят эле. ЫДЫК педиктин синоними.",hate,non_hate
UgyYpaQjUdlfNUSqWMd4AaABAg,Мындай мамлекетик кызматта иштеп мындай туура емес иштегендерди катуу чара корулсун,non_hate,non_hate
Ugyf_XpjptC3yhV313J4AaABAg,Ал хуйня ашанын уйун корсотсонор Тадж махалго кайсыл акчага салган??? Каякта 2012 жылы Китай кыргызстанга 4 миллиард Берген кредит каяка жумшалды эмне салынды эчтемке жок,offensive,non_hate
Ugz3B2es4rKfZBrXaj14AaABAg,Эркектер бузуп жатат деген жалаптар силер жалапсынар. Ата энең койнунан уурдап чыгып сигип койгонсуп өзүңөр ыңгайсыз жерди ыңгайлуу кылып ачып берген силерде күнөө темселеп жүрөсүңөр ар жерде сигарет чегип. Күнөөңдү айтса беш кол тең эмес деп чыгасыңар көрүп эле жатабыз го кыздарды катындарды ошолорду көрүп кантип аял кишиге ишенесиң андай жалаптарды көргөн киши чын сүйлөсө дагы ишенбей калат,hate,hate
UgyHMhlaQf0ftlhVkax4AaABAg,"Акаевти камаш керек биринчиден ошол акмак баштады бут корупцианы кумтор учун,армиа учун ачка калган солдаттар.камчи менен кошо жургондор министерлер байлар журот эч ойлонбой.камаса чекеден камасын туштук тундукко болунбой",offensive,non_hate
Ugw_iAHLN4TubyEldj54AaABAg,Тунку клуб деп аты эле айтып. турат.. жабылсын!!! Жаштар туну менен темселеп ушундай жерлерде журушуп.. кундуз окуудан жок де иштеген иши жок..ата эненин мойнунда олтурушат жук болуп!!!,non_hate,hate
UgzfmKot4-ch9GFxMeZ4AaABAg,"Акмак дагы бир жолу акмак силерге окшогон Элин стакан жерин саткан эл бузар мекенин саткан Бакиевчилер, Атамбаевчилер АЛЛАнын буйругу болсун эки дуйнодо,элиндин жериндин Мекениндин ырыскысын жеген айвандар Жана дагы айвандар силерге каргыш ,каргыш Жана дагы каргыш наалат, Уурдап кеткен уурдап алган ар бир кенедей нерсенерден чон бир буйюумга чейин буйурбасын силерге Элимдин ,Жеримдин,Мекенимдин атынан НААЛАТ, НААЛАТ, НААЛАТ. НААЛАТ, НААЛАТ",offensive,hate
UgyDiQhT07K-X91vloV4AaABAg,Эх желедей эл тараптырго,non_hate,non_hate
UgyLYp0F18zESebuqhJ4AaABAg,Генерал болбой өлсүн каргыш тийсин шүмшүк.,hate,non_hate
Ugwe7Qf0Jq_nZHbUh2B4AaABAg,"Бул жапайылардын бүт кылмыштарын тактап, эл аралык сотко бериш керек. Генпрокуратура ушул жолу чара көрбөсө, каны төгүлгөн жигиттердин өлүмү кечирилбейт!",offensive,non_hate
Ugyg21t1qmGjkhhC7iN4AaABAg,рысалиев деген эшек койберген азыр депутат,offensive,hate
UgzI7e86wlN6KLkD4kd4AaABAg,Генерал шохту козуго атышкерегеде биздин снайперлер,hate,non_hate
UgyHlqKNfPE6Uucf9MB4AaABAg,Маладец айзада сана окшоп ошол кыздар журналист той алпарган болсо озун айткандай секистешип кетет эле да,non_hate,non_hate
UgwacS-9oXhQ4HVGWGp4AaABAg,Арабташып кеттик деген акмактар каяктасыңар ?илгери кыргыздар кальян чегип клубда котун коргозуп бийлеп журушчу беле?,offensive,hate
UgwH_ws3YaxlHGdFRNJ4AaABAg,Над ра нарматова матраимов бажыдан уурдап силерге берген альайткойсонор болмок мына квнолуулор,non_hate,non_hate
Ugx6NYkPNQN7FpYVtfl4AaABAg,Соз жок акмактарга кудайга гана койолук. элим кудай коргозсун башка эмне дейбиз.,non_hate,non_hate
Ugy-McvkIo2tPcSTgXd4AaABAg,"Ата бергиле по хуй,афганбы тажикби,эненди скейлерди",hate,hate
UgxDm2GEhkyFgEZAbQx4AaABAg,"Баарын соттош керек же болбосо бирден таап олтуруш керек. Каргышка калган наркоман иттер, уй було бала чаканар менен кошо каргыш тийсин силерге. Уурдаган нерсенер тешип чыксын буйрубасын сукалар",hate,hate
UgyPTR9LsEnezeo3ho54AaABAg,Жап жаш жанында полковниктер чуркап журот,non_hate,non_hate
UgyljCME8FWdIcLd8Wt4AaABAg,Ошондо булар кимдин бандасы Ташиевдикиби мына сага ОГП.,non_hate,hate
UgyBgptl9KfH3MtiZtl4AaABAg,"Израильде еврейлерге кол салуу болгондо, еврейлер кол салгандардын бироосун да тируу калтырышбайт. Алар бир аз убакыт откондон кийин , ким кол салганы аныкталгандан кийин, кол салгандарды бирден ууландырып, тумчуктуруп олтуруп жок кылышат еврейлердин спецслужбасы. Сасыган тажиктерди да ошондой кылыш керек",hate,hate
UgwQIR3VNCe3OukVBeN4AaABAg,"Талкуунар магга жакты колдоймун мыйзамга киргизгиле тезирак,,👍👍",non_hate,non_hate
UgytSZPt1YceUYmOurR4AaABAg,Ушул эле кыргызга жетишпей турду эле.эмнеге чыгышат мындай акмактар.Рита Карасартова ны камак салгыла.чыкпай турган кылып.тажатты бул аял.,offensive,hate
Ugz_DwlSJmHPErVnlh54AaABAg,Ал акмакты антарасынан чаап салыш керек,hate,non_hate
UgzegWmDWwIVxvowD_l4AaABAg,Эркектер ыдык корсотмок тугул кыздарды олтурушуп койуп жатат,non_hate,hate
UgyT14tifrx9QSvoJdR4AaABAg,"Эми ойнондунарбы кальянды текшерип? Баардык жерде кальян, тамеки, электрондук тамекини свободно чегип жатышат! Аялдамаларда, офистерде кенен чегип жатышат, ЭМНЕГЕ ОШОЛОРГО ЧАРА КОЛДОНУЛБАЙТ!?",non_hate,non_hate
UgwL_d3zNdt-9QRiMNJ4AaABAg,Оо Сартбашов да камалыш керек кыргыз деген уулутту да жок кылган ушул кок мээ саттылып кетти Тайир кытайларга,offensive,hate
UgxZePnbJsw5VhlWNuB4AaABAg,Максим Бакиев акылдуу ал значт британияга да керек адам экен биз баркына жетпедик,non_hate,non_hate
Ugxl1qNSiWifm8ex8uB4AaABAg,Акмактар туура кылат силерди ташиев настоящий генерал,offensive,non_hate
Ugx1dB7buMuG5vmKych4AaABAg,Жалаптар көбөйгөн заманда чын сүйлөп таза жашайм деп аракет кылба дейтко,hate,non_hate
UgyGG68Feil2X6Qh5hx4AaABAg,Соке болду эми сен факты факты деп журуп 3 жылды откордун текшерип болдун😂,non_hate,non_hate
UgwUUtBOmokRrwJsWrx4AaABAg,Еей акмактар кайдагы талку бул нерсени жолго кою учун ислам дини менен жашоо керек,offensive,hate
Ugw_enKmRKcERpHCSzN4AaABAg,"Олуп эле алгыла, ха деп чечен куйругун туйдубу. Уят Уят акмактар жооп берчу кунунор келет .",hate,non_hate
Ugzsu_5VWPGHBLUUiS14AaABAg,Энеңди сучка таз рита саткын лесби...,hate,hate
Ugx8cR19Zmjaqrl23B14AaABAg,Штарав Салгыла Айовсуз Булжерде Бары Ахретини Ойлобогондор Окшойт Буларды Энелер Торогонбу Же Эшектен Пайда Болгонбу Тоба Тоба,offensive,non_hate
UgwjK9ikAvi7Iu_p9y94AaABAg,"Максим бакиевдин элине кылган акмакчылук жоруктары бут эл билет жада калса жаныбарларда жерге тукурот ,элдин эсебинен уурдап алып качкан шакалдарга наалат ,козу жаман капыр кудай жазасын берсин козунон ирин ,кулагынан кан чыгарсын табарсыгы оюлуп заны оозунон кюлуп кыргыз элинин акчасын жеп жатканын козуно корунуп боздосо экен журналист азаматсын эл билсин кимдин ким экенин кошоматчылык кылышып оздору турсийчен калышары менен мээлери жетишпейт жакшы деп коет, мамлекетт банкротто калдык,иликтоону элата бергиле ,уйун барып оттоп салса британдыктар сууга чоктурсун шакалды",offensive,hate
UgzTsOYWTJyhv-a_vtZ4AaABAg,эшек тажиктер акмактар зокурлор!!!!!,hate,hate
Ugx87M52PI6ibz5cfKB4AaABAg,Матраимов куноолу! Азаттык душмандар!,non_hate,hate
Ugwq9TpySXnB2xpR-Cp4AaABAg,Кандай мусулман мусулман емес булар акмактар,offensive,hate
Ugxwy2JibAS-9vYm74x4AaABAg,Атазовтун бети чыгып каптырго уят камалсын мамлекетке пайдасы тийбеген элге тиебиле атазовту кошуп камасын,non_hate,non_hate
UgxvIZdNqePvAfwSB094AaABAg,Азиз олосо болсо эки буту менен басып кетеби саал абайлап алдасанар акмактар Аша турале камалган,offensive,non_hate
Ugws6S-9i5sSekQpwHF4AaABAg,Эми тушундунор да неге Ташиевти жумуштан алды,non_hate,non_hate
UgxaV0EwhBRnA7eTU594AaABAg,Уялбай 30 жаштагы кыргызбайыбыз маршруткада 8 жашар кызга акча сунганда эч ким унчуккан жок эмнеге унчукпайсыңар ? Сабаш керек мындайларды ортого алып! Мен болбогондо кызды ким билет каякка алып кетмек эмне болмок? Акччасын өзүнө ыргытып кыйкырсам айтат жөн эле 5 алып жакшы окусун дегем дейт кыздан сурасам тааныйсыңбы десем жок дейт анан урушсам түшө качты акмакты кармап кыздын ата-энесине салып бериш керек эле мээм жетпептир да. Акмактар да педофилдер.,hate,hate
Ugz1CAE3rdxY-nvvLx94AaABAg,Бакиев менин балдарым акылдуу билимдүү деп эл алдында мактаныпсүйлөт канчага чейинуурдап кеткен кыргыз элинин байлыгына тайраңдап сайрандап жашашаар экен бир убакта кезеги келээр акмактардын кудай алдында жооп бересиңер.,offensive,hate
UgzERBTDeUSYpyvQLsl4AaABAg,"Жапаров туура кылды Ташиевти иштен алып,Ал Колбаевти олтуруп озу баардык нерсени озу басып алган экен.",non_hate,non_hate
UgzLYKrThWnFiGZMInp4AaABAg,Карасан уят бет жок адрес телефон берипалып дагы какандап озунду ак кылып атасын бирок сени эл жалар праститутка секс по расчету кыз экен деп ойлодуго,hate,hate
Ugwmp6usxCX-w7r9dp94AaABAg,Мына ак чач Туштонкийин Актанбай эле койчу барибир билесинде кандай жол менен кетгкнин,non_hate,non_hate
Ugz-03GjwPcd44Qctst4AaABAg,Матраимовдун иштеп аткан убагында арзан запчастьттар келчу эле жаман жагын эмес жакшы жактарын дагы караштырып койгула,non_hate,non_hate
UgxHTcsnz-W2ypNqu-54AaABAg,Рысалиев долдуроп торпок болуп каласында далбойоп,offensive,non_hate
Ugw4h8psZEaAPejKzz54AaABAg,Майрам болобу башка болобу элди хуй чогулат эми плошаткада,offensive,offensive
UgzY_p0qLRVMY48y_wN4AaABAg,Ай Урмат ээсин барда этегин жап дегендей туура эле кылдың сага Али эрте Колуңдан келген ишти жасап,non_hate,non_hate
Ugxy5v80ui_NOTrvYJ94AaABAg,Бешкектиктер емне болгонсунар Педиктерингер олгонгой,hate,non_hate
Ugwz_YPVlTlW5JZyiol4AaABAg,Бляяя-бут эле ТИЛИ БУЗУКУЛАР.,offensive,hate
UghPfSujZkVoa3gCoAEC,"Азиз Батыхаев Кыргызстандан барыш менен анын адамдары Москвада канчалаган кыргыздарды Уруп кыйнап тоноп Аран иштеп тапкан Зарплаталарын алып койуп журду ""метро кочодо жургон кыргызды канчасын Уруп канчасын олтуруп койду аны эчким айтканда жок айткысыда келбейт.Алардын баарына силер кунолусунор Шамил Атахановтордун уй булосу",non_hate,non_hate
Ugxx1pYC8S5zykl3Fyd4AaABAg,Акыретте өтө жаман ахвалда лгбт ларга каршы түшүндүрүү иштерин жүргүзүү керек Кудай алар менен сүйлөшпөйт түз тозокко кетирет дуал кылалы коомду таза сактап урпактарга өткөрүп берели,hate,hate
UgwhSFx8YS82DuLOHIp4AaABAg,Бул озу Эду деген жана тегерегиндеги 40 чоросу мурдагы Матраимовдун спортсмендери.Анткени Эду деген гугулда Матраимовдун жана Саркарбаев менен тушкон суроттору коп экен.,non_hate,non_hate
UgzfOuZ5kOn_b-u_dUR4AaABAg,8 март жалаптардын майрамы бүгүн канча деген зына болот. Жаш кыздар үй бүлөлор бузулат бүгүн.,hate,non_hate
UgzmFc6GRFNw7NIdZSp4AaABAg,Туркияда атасынан чон турктор менен ойноп журот кореяда чалдарга тийген Кыргыз кыздар журот аларга да мыйзамды иштеткиле анда,non_hate,non_hate
UgxHuV9ZqVAvGCaMJt54AaABAg,"Баары тобу менен жүрүшүп бир урууга күчү жетпегенине таңгалыштуу и жиркеништүү, ОН что этот батукаев как председатель ПРООНа жер жүзүндөгү эң атактуу кишиден бешбетер урматтаганыңар адамдын күлкүсү жана даже противно слушать, ошо бир адамды уруну ушунчалык барктаганыңар это коошмар беспредел негизи адам эмессиңер кто его выпустил, надо было его просто застрелить и все....",offensive,hate
UgxiZ2G611Z41PACn0R4AaABAg,"Раим.Матраимовдун тагдыры кыйын эле,башка Өлкөгө качып эле кетпесе бул киши адам өлтүрүү кылмыштарына айыпкер катары жоопко тартууга мүнкүн.",non_hate,hate
Ugx5p5T-NaXuUBFBe0V4AaABAg,Диндеги жавык кийин эркектер отурган жерге киргизбеген эркек айал Аделна отурган той топурда ушунун баары тувра,non_hate,hate
UgxoZFuXajqwVhODJel4AaABAg,Её бул амирика,non_hate,non_hate
UgysAHmxMhyyfi0tZEN4AaABAg,"Генерал фашист экен, террорист озундун элин жазалайт убакыт келип, карапайым тажик эли тушунбой жаттатта азыр ,бул агресоорду озун олтуруп салышса болмок",offensive,hate
UgzmY1ewW-lqhfXXaDZ4AaABAg,Качырбай30адамы менен соокторун кулго айландырыш керек эле эшектердин,hate,non_hate
Ugz0IS2-mYohN5qlCIx4AaABAg,Сука пидор бача-бози тазик,hate,hate
UgyjZxm7MVFzS2-Z6KB4AaABAg,ТУУРА АЙЗАДА ТУУРА СУЙЛОДУ. Кыздар барыле 😅🤣 десе эркек жолугалы деп айтатта кыз бала жогол деп жооп берип салса . Баардык эркек кой ыймандуу кыз экен молодец деитта,non_hate,hate
Ugzkn_XLXAELLkWSIH54AaABAg,Ыймансыздардын майрамы бизге кереги кереги жок дегендер лайк баскыла,non_hate,hate
Ugy6bxkxbSsqgHb9xKx4AaABAg,"Качанкыга чейин эле элдин акчасын ушуга окшогон акмактар чыгарып кете берет, андай акчалар эл учун качан кызмат кылат. Ошол уйу ал оруска буйрубай калсын, Бакиевдин озунун баласы болсо мейли дейт элек кайактагы бир орус жаман, Бакиевдин артынан чалчактап кетти го, соогу талаада калсын элдин акчасы ага буйрубасын!!!",offensive,hate
Ugzxzy1cY8GXa0fsMRR4AaABAg,Жабыш керек түнкү клубтарды,non_hate,non_hate
UgwWzmN7ggNV8k-pOad4AaABAg,КРАСОВЧИК МАТРАИМОВ эр азамат эркек экен эл учун да жасады жакшылык колунан кокко тикенек келбегендер,non_hate,hate
UgwP0ONRLKuNOsi3g5x4AaABAg,Колбаев! Тируу болгондо Ташиевди баш кылып туруп баардыгын башын жулмак! Аны бекеринен олтурушкон жок да!!!,offensive,hate
Ugy8evIEc6h87n6RZiN4AaABAg,Жабылсын атасын акчасын жеп жыргап журот булар Сал камап,non_hate,non_hate
Ugx6_SsTVASZrIQQbAh4AaABAg,эн сонун жумуш аткарыпсыздар,non_hate,non_hate
Ugw79MxdyFh3YlZbYUt4AaABAg,"Динде айтылган ушундай бузукуларга олум жазасы болсун деп.Жаныбарлар менен да катнаш кылгандарга да олум,ошол жаныбарды да олтуруш керек.Бул АЛЛАХТЫН буйругу,АЛЛАХ бузукуларды жек корот.",hate,hate
UgxfzCPHLqTcZBwOo114AaABAg,Оой биздин Садыр көкме сотко бергичекти кайра эле эки жыл өтүп анан кайра баштайт тажиктер акмактар,hate,non_hate
UgyxQ6wAzBS_v-Uw4BB4AaABAg,Жалаптар бети жоктор арасында аялын алдаган эркектер толтурадыр. 💯,offensive,non_hate
Ugw2oxaWoFs5Ro5dZfB4AaABAg,Едил сенозунда караталаш кашмар адамсын катындай болгон,offensive,non_hate
UgxvZqKe8Ca4ZT0wRgp4AaABAg,Манкурттар. Эне-тилин жеериген манкурттар.,offensive,hate
Ugx5erErmsPRiCWsbip4AaABAg,Шакал таджиктер. Эл аралык сот карасын мындай мыкаачылыкты. Шохту под трибунал,hate,hate
UgzyU8DTwouOxrofsSx4AaABAg,Алиге кыргыз Эл баатыр наамын бериш керек,non_hate,non_hate
UgxdTKkaLTq9LcrtrY94AaABAg,Котун жалап жургондор коп болгон матраимовду,offensive,hate
Ugzjt4e2yZsdJSM8fod4AaABAg,БАКИЕВДЕРДИ КАМАШ КЕРЕК ЖЕ ТАШ БАРАНГА АЛЫП ОЛТУРУШ КЕРЕК,hate,non_hate
Ugy2l8PVvwdEXtQF7ud4AaABAg,энендурайын манкурттар колдой бергиле озунор. колдогу пансионатынарды озбектерге берип жатат. казинону ачты. кемпир абадды беришти дагы колдой бергиле дабдырлар,offensive,hate
UgyNiqOm_UVOspcItPx4AaABAg,"Туйруш керек буларды ойгонсонор боло,намыс деген жок калды",hate,non_hate
Ugz0X_FC9yBn5t0Z9r94AaABAg,Лондондогу уйлор ото кымбат.!!! Ал акчага ушундай уйдон КРга 5 ти салса болот,non_hate,hate
UgyAnUW7xsooYF1XduB4AaABAg,Тунку клуб дар жабылсын мындай акмактар жок болсун Кыргызстан таза ыймандуу кыздарды тарбияласын,offensive,non_hate
UgxwvhsiuRNOupn4Ra94AaABAg,"14:45 😂😂😂 западлого даже артынан чуркаш 😂😂😂 7м чуркаганда эркек , суйлогондо канчык 😂",offensive,non_hate
Ughg7iGQgrBgiHgCoAEC,аида салянова жаляп азиз батукаевдин котогун соруп журуп,hate,non_hate
Ugxa7OcfAXGt8RVf2yN4AaABAg,Жоопко ким тартат буларды?Же жоопсуз азатыкта жүрө беришеби?,non_hate,non_hate
Ugyc6D0Y8q3l5C6Q2_V4AaABAg,"Следующий САДЫР ЖАПАРОВ...!!! Кыргызга бийлик бербе ушундай болот...,",non_hate,non_hate
UgzH_OkwiRVxXrPZM-B4AaABAg,Жабыш керекда клубтарды,non_hate,non_hate
UgziLSXeBO3ftlDLWiR4AaABAg,Эн бай конкурентти ыргытты.,non_hate,non_hate
UgzED9rbfSyCXCXjujB4AaABAg,Батухаевге чыккан мед заключение башка адамга да иштейби на Аида Саляновага иштеген мыйзам башкаларга да иштейби денег суроо бизди на бушайман кылат,non_hate,non_hate
UgzIGKlzSbPivRl6mvh4AaABAg,"Кимдер коргоп келетт азыркы бийлик эле икучуктору. Акаев тасты суттон ак кылдыго. Акаев таз уйротту акча квйсы жерде жкенин,Кемпир - Абад миллиард доллар?.",non_hate,non_hate
UgygkBIPBb62vHov1w94AaABAg,Армияны кучотуш керек чурката бербей армияга спорт залдарды ачып жакшы даярдаш керек балдарды,non_hate,non_hate
UgzDm38Zivf7CaF0oWJ4AaABAg,"Ушул эшектердин суротун эстеп калгыла,жер тоголок акыры колго тушот бул шайтандар",offensive,hate
UgzSJLUD49DQwT4Xnjh4AaABAg,Мунун бары акмакчылык уят шерменде батукаев менен кыргыздын ар намысы обройу уяты кого учуп кетти уят уят уят,non_hate,non_hate
Ugw28u52l0aKiv-Uk854AaABAg,Наёмник барбы барып мыкаачылык менен олтуруп келиш керек экен.,hate,non_hate
UgzphYw7DQdKgiQCzqB4AaABAg,"Ташкенин кучукторуда ,, кантип эле озу МЕНЕН озу эле кызматка туруп алсын ,,, таймурас саймурастар менее мафияда ,,, ,, качтыго качты элди жерди таштап ,, бети чыдабай",non_hate,hate
Ugxp3-BWOQxuqV29arx4AaABAg,Рада Туманбаева эмне башка иш жокпу..... Тукуругунор эмне болду башты ооруттунаргоо,non_hate,non_hate
Ugzf864If7b1y_G7FKV4AaABAg,Чуйдо елдер акмак еле болуп калышкан,hate,non_hate
UgxQpHnmnnuP34B7u4p4AaABAg,Башты оорутпай Бакиевдерди териштире бербей жанынардагы Атанбайды териштирип алгылачы,non_hate,non_hate
UgzUbYDKsFQmhuv5VLd4AaABAg,"Ушул тажиктер, акмактар, мыкаачылар, манкурттар",hate,hate
Ugwo_vWWRc7D92niUOZ4AaABAg,Колбаевти олтурушуп оздору кыргызстанда красный опга боло калышкан экенда буларды пагонун жулуп дыйкан кылып иштетиш керек,non_hate,hate
UgxZF_bBgGvSv6fgOCp4AaABAg,Жолук салынгандарда чегип жататго шерменде оромолду алып сал акмак аял,offensive,non_hate
Ugzo6EteVB_E8JI7Otx4AaABAg,"Максимди жон эле каралашып олуп атышат,Максим Кыргызстанды онуктурмок батышка сатылган трайбалистер жолтоо болушуп кандуу тонкоруш кылбаганда",non_hate,hate
UgzDFOFSh_HwRLKBphh4AaABAg,Бул чмону акча сактайалбайт.Чмону акча Адам кылбайт!!!Акыры бул акча мунун тубуно жетет.,offensive,non_hate
Ugj11q-A0AR5RHgCoAEC,биздин бийлик продажный 1миллион долларга кот.к сорушат пидрлар,hate,non_hate
UgwFFNQQBgB_Y0jlKvV4AaABAg,Сыртынан соттобойле өлтүрүп салыш керек бул шакалды,hate,hate
Ugz2sm69709UDhN3xK14AaABAg,Жел болбосо чоптун башы кыймылдабайт,non_hate,non_hate
Ugy7ngtdtM-Pjrp0yld4AaABAg,Блять гейпарат дагы болдубу. Карасартова баштадыбы,offensive,hate
Ugxjw7WLERoo-caIpRJ4AaABAg,Айзада маладец сени суйп калгыдай соз айттын мына ыймандуу айымсын сен менен жашаса кызганбай еркин жашаса болот 😀карындашым ыдык деп ойлобо 🙏,non_hate,non_hate
UgwNYynzOZhk-awNxbB4AaABAg,"Мыйзамдуу ОПГ лар, соз жок Бир куну олкобузго кыямат кылмак беле жетекчиси баш болуп😮😮😮",non_hate,hate
UgwT0OB66pGyF1kXf3B4AaABAg,Админстратырни баш кылип кармап камаш кэрэк баласын коргогондойы галубойынь корговататы акмак. Карап бэр сэн эмнэ болсоны,hate,non_hate
Ugz5idsRlUzMD38STJJ4AaABAg,Коздорун май баскан акмактар гана барат ал жака эл бузарлар,offensive,non_hate
UgypSQVSxkuc6mLCfup4AaABAg,Намысы жок акмактар,offensive,non_hate
UgwU_YeXTr90KKwZHVx4AaABAg,Баарынар акмаксынар баарынар билесинер ууру тойгончо жеп олгончо карганат болбогулачы анттын балекетин ал Турсунбай Акун баарынар котунорду тазалаш учун корунгонго шылтабагылачы,offensive,non_hate
Ugwsd3ekbthDUI7kJgN4AaABAg,Тооба жолук салынып алып чегип отурабы 😮😮😮,non_hate,non_hate
UgxEWahVYyK2ll2ISo14AaABAg,Пусть пириежают хватит карангы болуп барынардын башынар бар аракты озунарга куюп атавы менинерди иштетктиле бизди да эль бильсин карангылар уйдо отурсун манас болуп кетет делом зайимитесь сплет5ники людми нада встать не дикорями бут бары кельсин добро пожаловать наркотиканы арак проситуция ны каоагыла шермкнбдебисти чыгаргандар коп милиция айбандарыбыз бар бизди у ят кылгандар мал дар бар ичтбизде,offensive,offensive
UgyioBX2yKHwbgAUG7h4AaABAg,"Ташиевдин генерал деген наамын алып салыш керек ал жөн эле заправщик, бандит болчу. Камчы Көлбаев конкурентин өлтүрүп ордун ээлеп алган",non_hate,hate
UgxOOIVskmI3fKCzYMV4AaABAg,Эненкодугаскейндер колян чекпей эшектин ташагын соргурлар,offensive,non_hate
UgxmnI9emtI9C_uBQTp4AaABAg,Это было 2010 году?,non_hate,non_hate
UgyG9gscRpTnofA75iF4AaABAg,"4-5,млн долар хуйна для бизнесмена.максим Бакиев бизнесмен болгон атасы призиден Боло електе еле..",offensive,offensive
Ugy43NAS4O4pJ0Jaiql4AaABAg,МИЛИЦЯЛАР козомолдош керек,non_hate,non_hate
UgzBhzOqLfGL0XecwyF4AaABAg,"Кыздар эмне озунорду озунор коргой албайсынарбы?Жалжандабай уяттуу жеринерди жаап кийинип журсонор,силерге эч ким тийишпейт.Кокурогунорду,жамбашынарды корсотуп эркетерди дурботсонор тийишетда.(Баардык кыздар эмес,арасында болот оштокелер)",hate,hate
UgznGvZENpxj3x2mzex4AaABAg,Президентке Эми ишендим камалса1000 процент ишенем эмт,non_hate,non_hate
UgxxdiusJXtHx2FBJ2l4AaABAg,Ар бир адам өз каалоосу боюнча жашаганга укугу бар. Голубойбу солубойбу өздөрү билет. Главный башкаларга зыяны тийбесе.,hate,non_hate
UgxfYcanana6GEymbV54AaABAg,Едил сен голубой окшойсун голубойлорду колдоп бердин еле,hate,hate
UgxVh7SuXIBTTdW30Dh4AaABAg,Бляят тынч жаткан элге ок аткан чмо тажиктерди Кудай жазасын берсин.,hate,hate
UgzbFvuTBTfTRHGoh9p4AaABAg,"Эй енени ешексиккир блогер каяктан пайда болдун кот кимдикин соруп котогума окшоп емнелерди айтып жатасын Камчыбек кеч жерде иштебесе билбесе матраимов менен алакасы жок болсо пржактан бир адамга атака жашаса айтса айтып койдуда, мисалы Менделе азаттык котторго ишенбейм ишенген емессин каралоо деп ойлогомун,, ей кот етиканы сакта гандон суйлоордон алдын коток баш Ташиев емнедеген жумуштарды кылды кылып жатат между прочим сен коток Ташиевдин пайпашына тен келбейсин кот эненин амыгаскей котом сага окшогон далбаеп катынга окшогон блогерлердин оозуна сиктим кот жетимдер",offensive,hate
UgwGl0iNnmpYvsbah3t4AaABAg,Ушу Надира Нарматовабы иши кылып Раимдин котун жалап журуп кайра тааныбайм дейт муну созсуз жоготуш керек такыр Парламентке жолотпош керек,hate,non_hate
UgzndzCs90SxTp1erHd4AaABAg,"Балык башынан сасыйт дейт, биринчи Чонунан Садыйдан баштап камаш кереккодейм. Садый озу Бензин ташып Бизнес кылып журуп Элдин арты м/н кызматка келдилего. Раимдын Хабибулла Сартка окшогон Мафияларын аралаштырып алганына караганда Садый озу тазаместа.",non_hate,non_hate
UgwpwIOTzRlcvX1gf2t4AaABAg,Эбааа Тайланд хуйня го,offensive,offensive
UgwB_2jG9SOmqKzLg0l4AaABAg,Эдил байсалов колдойт буларды,non_hate,non_hate
Ugx1fMSPuyXa7nN0zFp4AaABAg,Калмаматов туура айткан экен,non_hate,non_hate
UgyojZNbcgI05C5080Z4AaABAg,Рысбек акматбаев котунорду айрымак суки бирден айрымак акчага сатылган праститутки котунорду бергиле эми,offensive,hate
UgySeWnmAYd6nsZvVbt4AaABAg,Зарылбек акмаксың да калп айтпачы?,hate,non_hate
UgwKnb3a8PJIvJrGTzV4AaABAg,Атабай анан артындагы далбандар көп эле акулдуу болбогулачы силерге караганда картошка казган дыйкан акылдуу.жеенбеков эркекче сорточу эшектерди кыргыз элдин ишеничин актачы темирдей закон оңолсун.,offensive,non_hate
UgysVkKb6bP8d3QZFPx4AaABAg,Афристке боло берет бул акмак пешка экенин сезип жатабы экен,offensive,non_hate
Ugwaxd2bUg3XW_L2PYR4AaABAg,ЛГБТ БИРО ТОЛО ЖОГОЛСУН КЫРГЫЗ ЖЕРИН БУЛГАБАЙ И УЛУТТУ БУЗУП АРАМ ИШКЕ ТУРТКОН БАТЫШ БУЗКУЛАРЫ БИРО ТОЛО ЖОГОЛСУН ❗❗⚠️⚠️,hate,hate
UghQLFVRJ1204HgCoAEC,Биздин депутаттардын баары бандиттер ошол акмактар кыргызсанды артка тарткан алардын бирин калтырбай иттей атуу зарыл,hate,hate
Ugw6fOQbiPk8frtJK514AaABAg,Раимге окшогон жеп жутарлар толтура да. Чекесинен кармаш керек.,non_hate,hate
Ugxc8yptdIycER3ZSFl4AaABAg,"Жоксунарго арамдар сукалар силердин оордунар арамдар, ит аткандай атса жарашат сукалар Алла Таалам бар чындык бар",hate,non_hate
Ugzcgxez9LS7h28OlWt4AaABAg,Рысалиев конечно 😃😃😃😃😃😃😃,non_hate,non_hate
UgwJKbHFZkl0eJcUMA54AaABAg,Айзада макилдак озун да секс амбаш,hate,hate
Ugx60FRoNlqj1c8HaRJ4AaABAg,Келечекти ойлогондор ото аз!,non_hate,non_hate
Ugxla5UubP1L6Q3BtlR4AaABAg,Аша Соке Раимди Текени Атазов Камчыбек Жолдошбаев сыяктууларды мен колдойм меники озумдуку деп ыйламсырап жургон манкурттар кичине уялсанар боло 😊 ар намыс барбы.,offensive,hate
UgwD-f6bp8Ns1KuLxLh4AaABAg,Койлорум тууса атарын Пито возлин лизун кучук деп атап коё,offensive,hate
UgwNdMLDPMotKf0idf94AaABAg,Садырды ташиев акмак тогунчу болуп калган,offensive,non_hate
UgzwMYx_WnuJyjCuvh54AaABAg,Каментарии жазгандар Аллахым жазаңарды берсин билип билбей жазбаш керек Райым елге канча жардам берди мечиттерди салып койду башка жегендер емне кылды хуй ештеке кылганжок ушундай кеткен болсо ачарчылык болот же 2чи өзбегистан болот,offensive,hate
UgytQUnnqWDmmAT-qJ94AaABAg,АКМАКТЫН БААРЫ ДЕПУТАТ,offensive,non_hate
UgwbWlovYYXc8hMzgcx4AaABAg,Спортсмендер тегеректеп журотко.,non_hate,non_hate
UgyOFNbnchICT5sk1314AaABAg,Жалаптардай болуп кийинип алсан чакыратта,hate,non_hate
UgwAmcRMWQf5cWEbgEB4AaABAg,Чалып атса номерди которуш оп оной 100единицанын 25шине номеринди Котор бербе эчкимге болду ечким чалбай,non_hate,non_hate
UgxIqxw_LlBzAXLV6GJ4AaABAg,Бул шакалдар Аллахтын алдына барганда да катуу суракка дуушар болушат! Аллахым жазасын эки дуйнодо тен берсин акмактардын.,offensive,hate
UgzHwTszYe_UYyGfB8t4AaABAg,мындай клубдарды срочно жабыш керек ушинтип акча таппай олсун акмактар андан Коро иштешсин,hate,hate
UgzeLbSvK9Bm6c2H-E54AaABAg,100%эркектен 10%жакшы эркектер деп ойлойм эркектер жиркеништуу,offensive,non_hate
Ugz9BNrPvsVGCadKY5B4AaABAg,"Бугунку куну качырышты ташиев менен садыр , садырдын , Матирайимов созссуз камалат деп кайра кайра айтканы бар эми жооп берсин ушулар . Колбаевди олтуруп козу жок адамга тоодой айыптарды тагып элдин конулун оздоруно буруп жатышат пиарит этип , ал эми Матирайимовдун олкого келтирген зыянын элестеткиле . Али Токтакунов ачыктап чыкканы боюнча 700 миллион $ ал эми ачыкталбагандары канча ??? садыр , таши булардын байланышы бар .",non_hate,non_hate
UghntNwlc38vsHgCoAEC,аркарлык деп болунбойлу сарт деп койсо к анан чачынды жулуп чычалайсын,offensive,non_hate
UgxKOFPKr4ZwjHkIAFF4AaABAg,Кыргызстан дын байлыгын ушинтип ташып журсо кайдан онугот кыргыздар андан коро ошол байлыкты оз олкосуно берсе болбойбу ер журок манас атабыздай аял заты болгон курманжан енебиздей аял башы менен кыргызды бириктирип кармап турган ошондой журогу таза абийри таза инсандар болушун журогубуздон кудайдан сырайт елек ишин илгери омурун узун жолун шыдыр жолукканын кызыр болсун кыргызстан учун емгенин елге жетсин ел емгегинди бааласын оомийн аллахым колдосун оомиин кыргызстан онуксун,non_hate,non_hate
UgyoUWtoX9jYU6QHyF54AaABAg,Генарал болбой ол донуз. Биздин чырактай балдарыбыздын арбагы урсун. Каргыш тийсин силерге.,offensive,hate
