id,video_id,text,likes,date,n_words,has_kyrgyz_letters,cyrillic_ratio,label,matched_keywords,matched_categories,label_prior
UgxgH-AjkY7hGMsoiP14AaABAg,bXQ7pHLuXSc,Азаттык чагымчы кимдин заказы кыргызтандагы олигахтардын аташтын дуйносун тарт же киришпегиле америка азаттык укбайбыз мусурмандарды кырып байлыгына нефтьге коз артып согуш ачып жатат эмне учун тартып корсотбойсунор баскынчылар саясатынар тетири,0,1558483200,30,0,1.0,,,,likely_non_hate
UgznMy4BZVq51N7uBC94AaABAg,9SK6boOSZX0,"Узбеки из Афганистан 🏳️🇦🇫 с вами🇹🇯🦁 Только перёд. Пуст Турция лезит😂, потом мы разбираемся, кождого резить будим .Иншаалах Третий конфликт будить, киргизи вас потом не кто не спосёт.🇦🇫🏳️🇹🇯✊",0,1716336000,28,0,1.0,,,,likely_non_hate
Ugzu13AB-qh7WyKwjsp4AaABAg,8W94yWJHw6A,Атазовту да киргизип койгула тез это приказ,0,1716336000,7,0,1.0,,,,likely_non_hate
UgyZOmkP2dxHnwHDmnB4AaABAg,rcF3WelvY18,Жабылсын мындай жаштарга керек эмес тундосу эмне бар клупта кыз балага айрыкча,1,1753142400,12,0,1.0,,,,likely_non_hate
Ugy0OpjauxFLzLPrqeZ4AaABAg,HeGfRTka3TQ,Урматтуу азаттык эгер ушунчалык эле акыйкат болсоңор эмнеге кыздардын көбү ачык эле тамеки тартып калышты эмнеге оозго алгыс сөздөр менен сөгүнүп калышты эмнеге спирт ичимдиктерин ичип алып күч органдарынын өкүлдөрүн кууп жүрүшөт (кайгуул тв) карап көргүлө. Кыздар бузулуп бара жатат. Ушул көйгөйдү көтөрүп чыккыла да,0,1621641600,45,1,1.0,,,,likely_non_hate
UgxMp5GNSj1WlttgCe54AaABAg,GE9a-UY4I7E,"Кайран ТЕКЕБАЕВ сага боштондук ЧЫГЫП КЫРГЫЗ ЭЛИНЕ АЖОО БОЛСОҢ СОНУН БОЛБОЙТ БЕЛЕ'"":",25,1558483200,12,1,1.0,,,,likely_non_hate
UgzxpGPuDgiEZXhOivF4AaABAg,GE9a-UY4I7E,"Чартердик рейс менен учуп жатпайбы?! Атамбаев ошондой нерсени билбей калмак беле?! Анын устуно, неге ким бошоткону иликтенбеди!!?? Эч кимди иштен албаганы... Премьер министр да, билген Атамбаев да соттолуш кк",0,1621641600,29,0,1.0,,,,likely_non_hate
Ugxa7OcfAXGt8RVf2yN4AaABAg,9SK6boOSZX0,Жоопко ким тартат буларды?Же жоопсуз азатыкта жүрө беришеби?,0,1684713600,8,1,1.0,,,,likely_non_hate
UgzqXymssWwfqSODDH14AaABAg,rcF3WelvY18,Жолукчан ашиналар кальянды бердирип атат,0,1753142400,5,0,1.0,,,,likely_non_hate
Ugxu5_50VLRR_DKolzR4AaABAg,9SK6boOSZX0,Братья Тожики! Кыргызстан миролюбивая страна напали вы а не мы.,0,1716336000,10,0,1.0,,,,likely_non_hate
UgyevQe-TPCTR-j304t4AaABAg,iM4S3PDEGDg,"Акылыңар барбы. Жиргентипбегилечи. Анын моуйну эмне темирден бекен. Өлтуробүздегендер чоң бычак менен тилалбай. Бензопила таппай калган окшойт, көрсө мойнуну динозаврдвкындай экен. Аны чынында эле жоготобуз десе ошондо эле жоготмок. Эки достун эки сөзү эмес баш кайрыгансайын башка сөздөрү даяр. Переобуваются на бегу. Афера, живем пока при аферистах бакиевских",0,1769040000,48,1,1.0,,,,likely_non_hate
Ugwat3SNM9nlQLtqriZ4AaABAg,rcF3WelvY18,"Клубтарды жапбай эле,когушторду кармап,элдин козунчо жазалаш керек(мыйзам жоктугуна байланыштуу)Клубтарга чон олчомдо штраф салсын!",2,1753142400,13,0,1.0,,,,likely_non_hate
Ugz8RhjvtZVffKPZ-1t4AaABAg,MzmJyHQlS5Y,Ошол маркум улан эгизбаевдин аялына матраимовдордон акча алып бериш керек☝️ Аллах дын алдында кантип жооп берет экенсинер матраимовдор ?,0,1716336000,19,0,1.0,,,,likely_non_hate
UgwV7kHtbAZqaOiGBA54AaABAg,8W94yWJHw6A,Арамзанын көт жалагычтарын өлүм жазасына тартуу керек. Өлкөнү ушулар тоноп жүргөн,1,1716336000,11,1,1.0,,,,likely_non_hate
Ugz4oggPwl0zEa17Kyp4AaABAg,bXQ7pHLuXSc,Бул канкорлор неге тируу журот оо элим бизде акыйкатчылык болобу,0,1621641600,10,0,1.0,,,,likely_non_hate
Ugxu11AlEjNjqtNVvmp4AaABAg,KSVY5SRkfn8,"Президентибизге Алла Таала күч берсин, сынбасын, чынчылдык берсин. Оомийин🤲",0,1771718400,9,1,1.0,,,,likely_non_hate
Ugz1OY8EKQ2cAUkJK7F4AaABAg,8W94yWJHw6A,"Нариматова, Орунбековдор да Кетсин!",0,1716336000,4,0,1.0,,,,likely_non_hate
UgziLSXeBO3ftlDLWiR4AaABAg,8W94yWJHw6A,Эн бай конкурентти ыргытты.,0,1716336000,4,0,1.0,,,,likely_non_hate
UgyjGC-pzP7Bq9nFIeF4AaABAg,9SK6boOSZX0,Персы не мусулиане,0,1747872000,3,0,1.0,,,,likely_non_hate
UgwIeTTmzpptKz9Bb3J4AaABAg,GE9a-UY4I7E,ФЕЛИКС КУЛОВ ЧЫГАРГАНЫ АЙДАН АЧЫК ЭЛЕ БИЛИНИП ТУРБАЙБЫ.,0,1621641600,8,0,1.0,,,,likely_non_hate
UgxXPvr_OXHLkXKr2Dd4AaABAg,GE9a-UY4I7E,"Бир жылдаг бою,Баткукаев деп келесинер? Кыргыз елинин жашоосун унутупда коюштуго чиновниктер ,дээги качан ойлоносунар,жа качан айгоносунар остоогфироллох.😥😥😥",0,1590105600,17,0,1.0,,,,likely_non_hate
UgygQTZCs6HL0bKZHBF4AaABAg,MzmJyHQlS5Y,Бабановтун Кыргыз элине чон пайда келтиргенин баалаш керек.Раим Кыргызстанды тоноп келген.,0,1716336000,11,0,1.0,,,,likely_non_hate
Ugx-BQ8xTvLN-5hNG2J4AaABAg,bXQ7pHLuXSc,Макул Максим уурдаган акчаны кайтарып алсын Кыргызстан дейли. Бирок ал акчаны кайра эле биздин жеп тойбосторубуздун чонтогуно тушот.,0,1621641600,18,0,1.0,,,,likely_non_hate
UgwoZDYA-kz0VFVEvHJ4AaABAg,8W94yWJHw6A,Казино адалдар да жок болуш керек,0,1716336000,6,0,1.0,,,,likely_non_hate
Ugx87M52PI6ibz5cfKB4AaABAg,MzmJyHQlS5Y,Матраимов куноолу! Азаттык душмандар!,6,1716336000,4,0,1.0,,,,likely_non_hate
UgxhMoi4av53jdtKhtV4AaABAg,GE9a-UY4I7E,"Батукаевтен ото коп доллар алдынарго,болуштунор,ошону ачык айта албай жаман кыйналдынарго,создун кыскасы АША паланча миллион доллар алып чыгарды деп кесе айта албай жаман кыйналдынарда,уят эле болдунар,асылып эле олсонор туура болмок.",0,1747872000,29,0,1.0,,,,likely_non_hate
Ugw0esaHsvbALzpc3Yp4AaABAg,rcF3WelvY18,"Эки инспекторду тезинен иштен алыш керек, кайдыгер карап койберип жиберди уважаемый у вас есть паспорта деп суйролот отделге камап койсо болбойбу",0,1755820800,21,0,1.0,,,,likely_non_hate
Ugz89M5ecq8hPRPl8Wh4AaABAg,bXQ7pHLuXSc,Ооой Максимди тим койуп жанынарда жургон Атамбаевдин уйун териштирип алгылачы анча чыным кетирип Британияда эмне бар дейм да.,0,1558483200,18,0,1.0,,,,likely_non_hate
Ugz_8N_Po7XDflFBw7p4AaABAg,rcF3WelvY18,Мындай турамес жайларды жабып салышкерек адамдарды жаштарды бузат мындай жерлер,0,1766361600,10,0,1.0,,,,likely_non_hate
Ugy7uSpJH-GuhEYX5aV4AaABAg,MzmJyHQlS5Y,Жанар сен деле Матраимовдун тойлорунда журдун го.,0,1716336000,7,0,1.0,,,,likely_non_hate
UgxFGSRvHndgDBRRKQt4AaABAg,KSVY5SRkfn8,Эл ташиев сен менен,0,1771718400,4,0,1.0,,,,likely_non_hate
Ugzcgxez9LS7h28OlWt4AaABAg,GE9a-UY4I7E,Рысалиев конечно 😃😃😃😃😃😃😃,0,1621641600,3,0,1.0,,,,likely_non_hate
UgxFRehTi76-l-iyl3x4AaABAg,KSVY5SRkfn8,Ошондо укмка озу опг болуп алганго таак деп эле колунду жулам бутунду жулам деп эле,3,1771718400,15,0,1.0,,,,likely_non_hate
UgzoadjXUSd0cx5dQMV4AaABAg,bXQ7pHLuXSc,Бул хан сарайды кайсы пулга салды качып кеткен хандар кыргыздарды тоноп кеткен булардынуурулугун кудайда кечирбейт,0,1653177600,15,0,1.0,,,,likely_non_hate
UgxI5834vBaqs4EGZTp4AaABAg,HeGfRTka3TQ,Баарына кыздар озу кунолу.,0,1621641600,4,0,1.0,,,,likely_non_hate
UgyuNGcUuYu8QjarDMp4AaABAg,8W94yWJHw6A,Билип билбей сүйлөгөнүн үчүн Кудай урат атпаимовторго асылбагыла,0,1747872000,8,1,1.0,,,,likely_non_hate
Ugw2XUMqjTaaEB868K94AaABAg,rcF3WelvY18,"Ушулардын азабынан элибизге АЛЛАХымдын азаюы менен тозогу келип калбасын Туп тамыры меген жок кылып, ээлерине ото чон штрафтарды салыш керек",0,1753142400,20,0,1.0,,,,likely_non_hate
Ugx5erErmsPRiCWsbip4AaABAg,9SK6boOSZX0,Шакал таджиктер. Эл аралык сот карасын мындай мыкаачылыкты. Шохту под трибунал,0,1684713600,11,0,1.0,,,,likely_non_hate
Ugwsd3ekbthDUI7kJgN4AaABAg,rcF3WelvY18,Тооба жолук салынып алып чегип отурабы 😮😮😮,0,1778198400,7,0,1.0,,,,likely_non_hate
Ugyp3pLzv5DtML0KgLh4AaABAg,KSVY5SRkfn8,Тагиев болбосо кайарадан башталат,0,1771718400,4,0,1.0,,,,likely_non_hate
UgyT3gNiObOFpiB2_C14AaABAg,HeGfRTka3TQ,"Милиция кайрылбаш керек кыздар, мен тел жоготуп алып кайрылгам, милиция номерим алган, адрес баарын жазып алып, 35 жашта милиция тунку 12 де чалып, чоон кыз эшике чыкпайсынбы суйлошуп отуралы дейт, мен урушуп кандай бетинер жок деп урушсам, ал кайра мени коркуткан. Воот кимге ишениш керек",0,1558483200,45,0,1.0,,,,likely_non_hate
UgzUhak8C4MTnE46vy54AaABAg,HeGfRTka3TQ,Кыздарга турале оздору ачык журсо чалдар кызыгатда,0,1621641600,7,0,1.0,,,,likely_non_hate
UgxsJlXuuNpBjzhqGMR4AaABAg,9SK6boOSZX0,Иншаа Аллах Кыргызды эч ким жеңе албайт Себеби Аллах Биз менен бирге. Кыргыз Байыркы Баатыр Эл алгаа алгаа алгаа Аллах колдосун....,5,1684713600,21,1,1.0,,,,likely_non_hate
UgxO_fKBbkJWgRmr-DV4AaABAg,GE9a-UY4I7E,Батукаевди сагынгандар бизде коп экен,10,1621641600,5,0,1.0,,,,likely_non_hate
Ugz6gL6fA8CHh49sl3h4AaABAg,uVtRxYnDPIQ,Эркек жүрсө кайф болмок,0,1747872000,4,1,1.0,,,,likely_non_hate
UgynB-q-KZTGVKujd4N4AaABAg,HeGfRTka3TQ,"Айзада укмуш акылдуу болбойле койчу.сен деле ак эмессин,сен деле тошокто Бир топ опуттусун билебиз аны билебиз......Сени сыйлачумун бирок ушуну угуп озум кубо болгондо жиркенип калдым аябай прям",0,1558483200,27,0,1.0,,,,likely_non_hate
UgyRHXTFqmmxt943inp4AaABAg,9SK6boOSZX0,Бул Тажиктер эч качан бизге дос болбойт,0,1716336000,7,0,1.0,,,,likely_non_hate
UgzoZn7ew8c3ZQ_TZ7h4AaABAg,9SK6boOSZX0,Ушундай согуштан кийин садыр жапаров достукту Таджикистан га откоруп берди,0,1747872000,10,0,1.0,,,,likely_non_hate
UgwdAaLZETRWJWo1DBx4AaABAg,KSVY5SRkfn8,"Тарынба Ташиев тарынба. Деги эле асмандан түшпөгүдөй болуп кеттиң эле. Сен элдин тилин жулуп, колун сындырсаң сени досуң тагдырыңды сындырды го.",0,1771718400,21,1,1.0,,,,likely_non_hate
Ugx1873WiRDpNx_nfZ54AaABAg,9SK6boOSZX0,Рахмон качкан куну буларды аеоосуз тажиктар оздору жок кылат,0,1747872000,9,0,1.0,,,,likely_non_hate
UgzmFc6GRFNw7NIdZSp4AaABAg,HeGfRTka3TQ,Туркияда атасынан чон турктор менен ойноп журот кореяда чалдарга тийген Кыргыз кыздар журот аларга да мыйзамды иштеткиле анда,303,1558483200,18,0,1.0,,,,likely_non_hate
UgzrIhRRvw2KpiJwCQ94AaABAg,HeGfRTka3TQ,Алып баруучу кыздын моюнундагы сепичканын клончиги крестке окшош экен же мага ошондой корунуп жатабы?,0,1558483200,14,0,1.0,,,,likely_non_hate
UgzLPnerWujr-twVOLh4AaABAg,bXQ7pHLuXSc,"Элдин ыйы менен келген акчага жыргабагыла омуру! Каргыш жеп калгырлар! Тукумунар курсун, чыккынчылар!",0,1590105600,13,0,1.0,,,,likely_non_hate
UgyN8cXW5MOrxqT2a0F4AaABAg,HeGfRTka3TQ,Биринчи Суйлогон кыз жомок Атпачы,0,1653177600,5,0,1.0,,,,likely_non_hate
Ugzml9LT6zai75I-_UR4AaABAg,8W94yWJHw6A,Где жена уулкан,0,1716336000,3,0,1.0,,,,likely_non_hate
Ugx0Q6CIkbxBNibnmZ14AaABAg,rcF3WelvY18,"Коомчулукта бул нерсени кантип дарылоого болот? Жабасызбы баарын - ачылат, Штраф саласызбы толойт, Оорууканага жаткызасызбы булар оорулуу эмес, булар баардык жерде бар кантебиз аял кишилерге билим берууну кучойтуп укугун коргоп тандоо бериш керек запрет салып кийимине эле маани бербей ошондо уул баланы эркек кыз баланы аял кылып тарбиялайтго . Буларга уже поздно",0,1753142400,52,0,1.0,,,,likely_non_hate
UgyDiQhT07K-X91vloV4AaABAg,KSVY5SRkfn8,Эх желедей эл тараптырго,4,1771718400,4,0,1.0,,,,likely_non_hate
UgzPQS-_W30gYlth0M94AaABAg,MzmJyHQlS5Y,Бары билишет бири бирин болгону жакшы кино болуп жатат,0,1716336000,9,0,1.0,,,,likely_non_hate
UgzDp7j1P-CU3vdQ_Zh4AaABAg,9SK6boOSZX0,"Аллах жазасын берсин тажиктердин Амиин, Амиин, Амиин",1,1684713600,7,0,1.0,,,,likely_non_hate
UgwmrnlkkQqNheZ70SF4AaABAg,KSVY5SRkfn8,Көрөсүң кресло бийлик талаш явный эле болгон экен .аны Садырдын стукачтары билип калган дагы Ташиев Германиядан келип эле президенттике бир болсо отурмак Садырдын Ташиев жемкор деп алтындар кайда качкан катып жатасың деп аны переворот м-н түрмөгө тыкмак бул жер структура Садыр президент ошону приказы м-н күч структуралары м-н колго алып баарын кишендеп түрмөгө тыкты бирок эмнегедир репортаж теле сынакка чыгып бербей кетип калды себеби уялып калды окшойт УКМК бандасы бийликти алмак болгондугун 75чалдары менен бийликке алып күчтөрү жетпей калды ошого комментарий же сөзү жок кетип калды.,1,1771718400,86,1,1.0,,,,likely_non_hate
UgxJKpULczwpqMsR-v14AaABAg,8W94yWJHw6A,Азыркы биликтегилер бары уча тартып жугурушуп жургон кошоматчы шылундар Акылбек Талаибек буларды качан жоп беришет ошолорду тазалаш керек карапаим ел ошондои карапаим ел ишенет елек бугун кармалат ертеси боштондукта тангаласын,2,1716336000,30,0,1.0,,,,likely_non_hate
Ugzsb9AKjt__Id7iH-N4AaABAg,MzmJyHQlS5Y,ЖАНАР туура айтты,5,1716336000,3,0,1.0,,,,likely_non_hate
UgyNNEXWHzCsrgLztfp4AaABAg,HeGfRTka3TQ,Ыдык экенсинерго таза,0,1590105600,3,0,1.0,,,,likely_non_hate
UgwON0rPwSpsxdSK2h94AaABAg,bXQ7pHLuXSc,Канча деген ач коздор а дуйнодо байбайлайсынар го😃😂😂😂😂😂😂😂😂,0,1558483200,8,0,1.0,,,,likely_non_hate
UgxlCltoW92Kg6CFWEN4AaABAg,bXQ7pHLuXSc,Азаматсынар албетте кыргыстандан элдин акчасын уурдап кетишкен ал айтпаса да белгилуу,20,1590105600,11,0,1.0,,,,likely_non_hate
Ugybv1AZeCIpxD7W-tN4AaABAg,KSVY5SRkfn8,Кудайым сактасын 😮😮😮Охоо 😲 🤲🏻 😲 🤲🏻 😲 🤲🏻 😲 🤲🏻 😲 🤲🏻 😲,0,1777593600,14,0,1.0,,,,likely_non_hate
Ugw_YwOqlgcHa1r_zhB4AaABAg,MzmJyHQlS5Y,"Соке президенттике келбей эле койсон болмок, эн томонку денгээлдеги президент болуп тарыхта калды",60,1716336000,13,0,1.0,,,,likely_non_hate
UgzLcWZx58QkYox-bod4AaABAg,9SK6boOSZX0,Иншуаллох слудиший раз до Бишкека,2,1684713600,5,0,1.0,,,,likely_non_hate
UgwSh_eBrt2SPxbpqjZ4AaABAg,rcF3WelvY18,"Бирок ар ким озу учун озунун акчасына чегет ичет, это уже дикутаторствого дейм. жабыщсын дегендер ирак афганистан сиия кеткиге жол ачык эч ким кармаган жок",0,1766361600,25,0,1.0,,,,likely_non_hate
Ugx_9L6hLj3bzpKImoV4AaABAg,8W94yWJHw6A,Вот и все шкуры дешёвые крысы харамы ипластар пидарасдар элдин канын ичкен элдин нанын уурдап жегендер тукумунар курусун тьфу,0,1716336000,19,0,1.0,,,,likely_non_hate
Ugy13Mck5wRzMfSPLZR4AaABAg,8W94yWJHw6A,Жакшы жыл бар молдес,0,1716336000,4,0,1.0,,,,likely_non_hate
Ugy6gcuoKkj1SLVaQap4AaABAg,fIXFhZQ1Irg,Эй 40 чоро Чем воевать с женщинами Лучшебы отправили вас охранять границу Там бы ваша сила пригодилась А избивать слабых женщин Много ума не надо,4,1590105600,25,0,1.0,,,,likely_non_hate
UgxoZFuXajqwVhODJel4AaABAg,GE9a-UY4I7E,Её бул амирика,0,1590105600,3,0,1.0,,,,likely_non_hate
Ugy8evIEc6h87n6RZiN4AaABAg,va4UkKaVJ8k,Жабылсын атасын акчасын жеп жыргап журот булар Сал камап,0,1753142400,9,0,1.0,,,,likely_non_hate
Ugxj1p26uuxvUxGJNhl4AaABAg,HeGfRTka3TQ,Кыскача айтканда боенуп жасанып кийингенге карайт эркектер баарыбызга ыймаан берсин Аллах,11,1590105600,11,0,1.0,,,,likely_non_hate
UgzPXr0Wsz24eEjkIuZ4AaABAg,8W94yWJHw6A,Урук тукуму менен жок кылынсын чекит,12,1716336000,6,0,1.0,,,,likely_non_hate
UgzmWbiOvfajoHsUJLB4AaABAg,GE9a-UY4I7E,Балык башынан сасыйт болуп атса каяктагы окмот кыйратат деп ишенип атасынар,0,1590105600,11,0,1.0,,,,likely_non_hate
UgzohZOWiGvcVNV9UWl4AaABAg,9SK6boOSZX0,"Будардын убалы жокта , даже Россия киргизбей койду гг рагицадан",2,1716336000,10,0,1.0,,,,likely_non_hate
Ugw6Di-q8Plm2y3UGXR4AaABAg,KSVY5SRkfn8,"Садыр Жапаров бир аз кечиккенде, жанакы 75 чал президетти алмаштырып иймек окшойт.",0,1771718400,12,0,1.0,,,,likely_non_hate
UgzeLbSvK9Bm6c2H-E54AaABAg,HeGfRTka3TQ,100%эркектен 10%жакшы эркектер деп ойлойм эркектер жиркеништуу,0,1621641600,7,0,1.0,,,,likely_non_hate
Ugzx0KVgJwm4k-1FP5B4AaABAg,KSVY5SRkfn8,Ушулардын айынан Ташиев олкодон чыгып кеттиби.,0,1771718400,6,0,1.0,,,,likely_non_hate
UgxW8Id6oUooFSTKK7J4AaABAg,bXQ7pHLuXSc,Бут жеп кетип жыргап журо беришсин акыретте коросун кыйынчылыкты,0,1558483200,9,0,1.0,,,,likely_non_hate
Ugyy95BEds_CMLIFliF4AaABAg,KSVY5SRkfn8,Законный опг ларды бир ооздуктагылачы😅,0,1774137600,5,0,1.0,,,,likely_non_hate
UgxNGd_zw5gQBk37af54AaABAg,9SK6boOSZX0,Напали на скорий помощь,0,1684713600,4,0,1.0,,,,likely_non_hate
UgxXT9Ys80yhltP9KMp4AaABAg,KSVY5SRkfn8,Онолуп атабыз десе Ташикем Камчыдан ашкан го,0,1774137600,7,0,1.0,,,,likely_non_hate
Ugw9UX70fVe_bgjkWo94AaABAg,HeGfRTka3TQ,Калыбек Ишенов сиз озунуздун ютуб каналынарды ачып биздин кыргыз балдарга ой пикирлеринерди жана акылынарды болушсонор абдан жакшы болмок. Ошол канал ачканынар аз болсо да коп балдардын оюн озгортооруно козум жетет. Азамат,0,1558483200,31,0,1.0,,,,likely_non_hate
UgxHuV9ZqVAvGCaMJt54AaABAg,GE9a-UY4I7E,"Баары тобу менен жүрүшүп бир урууга күчү жетпегенине таңгалыштуу и жиркеништүү, ОН что этот батукаев как председатель ПРООНа жер жүзүндөгү эң атактуу кишиден бешбетер урматтаганыңар адамдын күлкүсү жана даже противно слушать, ошо бир адамды уруну ушунчалык барктаганыңар это коошмар беспредел негизи адам эмессиңер кто его выпустил, надо было его просто застрелить и все....",0,1653177600,53,1,1.0,,,,likely_non_hate
Ugy43mAawBN4hsoBY854AaABAg,iM4S3PDEGDg,Бузукулардын кылганы да.Уят..,0,1774137600,3,0,1.0,,,,likely_non_hate
Ugxp9XtSwoHm9J8B03p4AaABAg,HeGfRTka3TQ,Ушундай агай Оштогу кыргыз узбек унуверситетинде Жусуп Баласагын иниститутунда Оштогу бар болчу фамиля аты Каракулрв Давыд Мажакыпович деген историями берген агай болчу.,0,1653177600,22,0,1.0,,,,likely_non_hate
UgzN79tizY_Zcw2KDlt4AaABAg,rcF3WelvY18,Калян деген тамекиби же эмне,0,1766361600,5,0,1.0,,,,likely_non_hate
UgyuSoVDfnTX1ns3eZp4AaABAg,mOGb4Wzdbv4,Уят уят уят кыргыз элим кулагыбыз укса дагы козубуз корбосун акча учун эмне болуп баратабыз ар кандай диндерге кирууго уруксат берилбесин,0,1684713600,21,0,1.0,,,,likely_non_hate
UgyS1kLO2wq2rUTvtdB4AaABAg,bXQ7pHLuXSc,Кыргызстанды кыйратпай жатасынар. Лондонго убара болбойле койбопсунарда. Ыссыкта😀😀😀😀,0,1558483200,8,0,1.0,,,,likely_non_hate
UgzbTAAvd5kp_Fe39L54AaABAg,8W94yWJHw6A,Эки миллион деген ал Бир машына,0,1716336000,6,0,1.0,,,,likely_non_hate
UgzMx7FHPQzPggWEG_p4AaABAg,bXQ7pHLuXSc,Мындай уйлор азыркы кундо Кыргызстандагы чиновниктерде толтура Азыр иштеп жаткан чиновниктерди текшербейсинерби духунар да жетпейт.Иштен кеткенден кийин котунон суйлойсунор,2,1590105600,19,0,1.0,,,,likely_non_hate
Ugze_oTJ3dDkGlk9Jt14AaABAg,bXQ7pHLuXSc,молодец Максим Бакиев красавчик ❤❤❤❤❤❤❤,0,1558483200,5,0,1.0,,,,likely_non_hate
UgzcrcFjDyxwO3GWLeZ4AaABAg,9SK6boOSZX0,А биздин самопал генералдарыбыз кайда болду кен?,0,1684713600,7,0,1.0,,,,likely_non_hate
UgyJ1DutCPct5Kgw0Pd4AaABAg,MzmJyHQlS5Y,Мен Бабановду эч канчан колдобойм...,0,1716336000,5,0,1.0,,,,likely_non_hate
UgwRtILAHShTuFOKIBN4AaABAg,rcF3WelvY18,Если нету паспорта надо было просто отправить в обизяник . А вы милицию сами как лохи бегаете за ними и они смело стоят «Что ты можешь сделать у меня нету паспорта». И все .,0,1753142400,34,0,1.0,,,,likely_non_hate
UgwpgLjzDORglmpGyK54AaABAg,GE9a-UY4I7E,Азиздин ордуна Саланованы камаш керек. Бир кун келет ушул кылган ишинер учун жооб бересинер. Тарых корсотот.,29,1558483200,16,0,1.0,,,,likely_non_hate
UgzG0J_OA0C6F3IuqTV4AaABAg,9SK6boOSZX0,Генерал шох менен не ишинер бар .ал деле кызматкерда .ошон учун биздин жетекчилер тормоз колунан эч нерсе келбейт,0,1684713600,18,0,1.0,,,,likely_non_hate
Ugyc6D0Y8q3l5C6Q2_V4AaABAg,KSVY5SRkfn8,"Следующий САДЫР ЖАПАРОВ...!!! Кыргызга бийлик бербе ушундай болот...,",0,1771718400,8,0,1.0,,,,likely_non_hate
Ugy-yiKAYpt5aH3wcaV4AaABAg,KSVY5SRkfn8,Садыр акылдуу бирок ташиге караганда,0,1771718400,5,0,1.0,,,,likely_non_hate
UgzU3DZ2oto4xxvfr3R4AaABAg,HeGfRTka3TQ,"Ооииийй Айсулуу Мамашева Депутат ЖК дейтго что правда Чем она помогает народу КЫРГЫЗСТАНА ХОТЕЛ УЗНАТЬ ПРОСТИТЕ ЕСЛИ ЧТО ЕСЛИ ЧЕСТНО Я ХОТЕЛ УЗНАТ ЧЕМ ОНА ПОМОГАЕТ НАРОДУ КЫРГЫЗСТАНА, ПОТОМУ ЧТО ДЕВУШКА В ДЕПУТАТЫ ЖК ЭТО Я В ШОКЕ",0,1653177600,38,0,1.0,,,,likely_non_hate
Ugw5eX_WyHNr4JW8sZ94AaABAg,bXQ7pHLuXSc,Максим Бакиевдин Кыргыз жергесиндеги гүлдөп-өсүп жаткан бизнестерин текшерилсе жакшы болмок.Бөлөк бирөөнүр атына катталган байлыктары дагы эле көп деп ойлойм.,17,1558483200,19,1,1.0,,,,likely_non_hate
UgwP5jY4u17X4_nAo5h4AaABAg,mOGb4Wzdbv4,каршы чыгалы эли журт,0,1684713600,4,0,1.0,,,,likely_non_hate
UgyBjGEGofNvtLbcd4F4AaABAg,MzmJyHQlS5Y,Эдил Арам нерселерди силер ачтынарга Кумар кана казино адал менен арамдын айырмасын билбей,0,1716336000,13,0,1.0,,,,likely_non_hate
Ugx4-_zujSjPYLC3c7d4AaABAg,GE9a-UY4I7E,"Каякта ар бир адамдын ден -соолугун, омурун карайт-деп коет жонокой элди антип карабай калышсын.",1,1621641600,14,0,1.0,,,,likely_non_hate
UgxefpUeE72-Fzyjntd4AaABAg,mOGb4Wzdbv4,Алхамдуллило ☝️ сиздей инсандар коп болсун 🤲 Аллах Разы болсун 🤲,8,1684713600,11,0,1.0,,,,likely_non_hate
UgyLy_SI5MZKdm6zgBh4AaABAg,HeGfRTka3TQ,Жамгырчыева эң туура айтыптыр Шамал болбосо терекин учу кыймылдабайт,0,1558483200,9,1,1.0,,,,likely_non_hate
UgzPit_VyvsoJPikjz54AaABAg,va4UkKaVJ8k,Жаштар чегип ичип жургонун коруп тургандар админи Адам падам га кошулбайт,0,1753142400,11,0,1.0,,,,likely_non_hate
Ugy66-XFeJQyPOtVdbp4AaABAg,va4UkKaVJ8k,Бишкекте ушунлайлар бар деп ойлогон эмесмин,0,1753142400,6,0,1.0,,,,likely_non_hate
UgxRY4jaQGKTHIRui2R4AaABAg,8W94yWJHw6A,Элдин калоосу Жогорку кенештен Эрулан Кокулов менен Нуржигит Кадырбековго окшогон жаны жуздорду коргусу келет,21,1716336000,14,0,1.0,,,,likely_non_hate
UgzeW5gJzir1wl0ElEB4AaABAg,GE9a-UY4I7E,Ошодон кору боштондук Садыр Боштондук Садыр Боштондук Садыр Боштондук жапаров боштондук жапаров боштондук жапаров боштондук жапаров боштондук,0,1590105600,17,0,1.0,,,,likely_non_hate
UgzSNFj4TuehLpsUtr54AaABAg,8W94yWJHw6A,Кыргызстан мафия болуп кеткен экенда,0,1716336000,5,0,1.0,,,,likely_non_hate
UgwXKjT6lKrKhWhPGB94AaABAg,va4UkKaVJ8k,Негизи мусулман өлкө болгондуктан бизге туура келбейт жок болсун түнкү клубдар !!!жаштар өз тагдырына балта чаап жатышат!!!,194,1753142400,17,1,1.0,,,,likely_non_hate
Ugx5cMYm4oBVthXISkx4AaABAg,HeGfRTka3TQ,Динменен жашаш керек акыйкат динде мен динменен жашагандан бери эч кандай прабиляма жок,0,1558483200,13,0,1.0,,,,likely_non_hate
UgxwpzOqOF9FS2oaNVV4AaABAg,KSVY5SRkfn8,Ташиев кач укам сени деле камайт булар,0,1771718400,7,0,1.0,,,,likely_non_hate
Ugx5p5T-NaXuUBFBe0V4AaABAg,HeGfRTka3TQ,Диндеги жавык кийин эркектер отурган жерге киргизбеген эркек айал Аделна отурган той топурда ушунун баары тувра,0,1653177600,16,0,1.0,,,,likely_non_hate
Ugy-kXzumCIohM5yQTJ4AaABAg,8W94yWJHw6A,Оз елине оз ханына каршы чыка уйбулонун кордугу балдарына тийсин,1,1716336000,10,0,1.0,,,,likely_non_hate
UgwpwroJt8zBjIlhtp94AaABAg,GE9a-UY4I7E,Садыр Жапаровду Кудай сактасын .Бандитердин баары Олсын.,10,1653177600,7,0,1.0,,,,likely_non_hate
UgwDr1GN8ti1twWBg4x4AaABAg,MzmJyHQlS5Y,Шайлообек деген шакалды ким шайлады билими абдан томон мамлекеттк кызматта бир кун иштебей депутат болду биздин элдин денгээлинне жараша экен,4,1716336000,20,0,1.0,,,,likely_non_hate
UgzQwJ41Nb362FhmxmR4AaABAg,rcF3WelvY18,Туурай ойлойсун ишине ийгилик тууганым,0,1755820800,5,0,1.0,,,,likely_non_hate
UgyilDvy3dJ38NIRCFp4AaABAg,HeGfRTka3TQ,Ыдык Ыдык первый раз слышу,0,1558483200,5,0,1.0,,,,likely_non_hate
UgwXUlPxedBgqDfhhKt4AaABAg,GE9a-UY4I7E,Зарылбек сенин нен кетти олгондой куусунда сени камаш керек болчу,0,1653177600,10,0,1.0,,,,likely_non_hate
Ugx1OSRddXthMSa5p5t4AaABAg,bXQ7pHLuXSc,Бакиевтер уурдап кетти деген акчаларды жакшылап текшерсенер Аша менен Сапаштан чыгат кок меелер,174,1558483200,13,0,1.0,,,,likely_non_hate
UgzXxhnfHlqcnEmP9hh4AaABAg,MzmJyHQlS5Y,Ак жол Чемпион журот го Альдагы колдогонбуЭмнеге кучуно ишенсе болбойт беле Акжол же жон эле журобу жанындаааа,0,1747872000,17,0,1.0,,,,likely_non_hate
Ugz3QrK8RwhyAJWh7YR4AaABAg,KSVY5SRkfn8,"ГНБ+, МВД+прокуратура =(кроме президента, ташиева) любовь у них в уме только одно деньги у них нет других ценности , нет сострадание другим , человек для них предмет не нужный,намыс ,элим ,жерим жоооок ,баары Бир",0,1771718400,34,0,1.0,,,,likely_non_hate
Ugy2o9gmgjq3cfSd4dl4AaABAg,bXQ7pHLuXSc,ээ жон эле убара болосунарда жегендер журотго Кыргызстанда эле ошолорду кармагылачы азыр калп эле Бакиев жеди дешет ошол убакта иштегендер азыр бийликтегилер же жаны асмандан тушо калыштыбы камасын Атамбаевти дагы башкасын текшерсин бирок ага эрки жетпейтда оздорундо да бар да ошон учун коркушат эртен крдан чыгып кеткенде сырттан соттолду омур бойу эркинен ажыратылды дейт да белгилууго биздин эл башчылар уялса болмок жараткандын алдында жооп беруудон корксо болмок,0,1558483200,67,0,1.0,,,,likely_non_hate
UgxP8J1uqsgf-FYEZlB4AaABAg,KSVY5SRkfn8,"Раст болуптур, баары камалсын, мафия болгондор",3,1771718400,6,0,1.0,,,,likely_non_hate
UgzCt-ZqJkcL-aqeDvt4AaABAg,9SK6boOSZX0,"ай карсава, мыкты иликтөө жасапсыңар политклиника",0,1684713600,6,1,1.0,,,,likely_non_hate
UgxNK03NMNWFvxKPS8l4AaABAg,HeGfRTka3TQ,Кыздар чалдарга аткыла савнага барсын💁👭🙋,0,1653177600,5,0,1.0,,,,likely_non_hate
UgzTewYie11AwxT937J4AaABAg,9SK6boOSZX0,"Кыргызым биртуугандарым биз чырылдап чындык айтып канча далил чыгарбайк,барыбир без толк аны Тажик иттер мойнугада албайт и мойнуна коеалбайсын Шох Искандар генерал конфликти жумушта отуруп байкаса ииий бейт елек постаянно Емомоли менен Шох уюштурат урушту",0,1684713600,35,0,1.0,,,,likely_non_hate
Ugz9VR70656BhtvtGAx4AaABAg,GE9a-UY4I7E,Рысалив Кыргыздын душманы Силер кан ичерсинер,0,1558483200,6,0,1.0,,,,likely_non_hate
Ugzov_7Q9CfhflMBdTF4AaABAg,rcF3WelvY18,Кудай Аллах деп жашачу болдукко оронгон кыздар калян тартып атса өтө өөн учурайт экен уяты жок ээнбаштар🤨,0,1753142400,17,1,1.0,,,,likely_non_hate
UgxqyOynhq0cxGH_c6h4AaABAg,MzmJyHQlS5Y,Бети Жок Алишер Козуев эл сени билет кандай мамиледе экенинди Кудайды карап туруп жалган суйлойсунго,0,1716336000,15,0,1.0,,,,likely_non_hate
UgxNGVfDWlD4ISSSVz54AaABAg,MzmJyHQlS5Y,ЭДИЛ БАЙСАЛОВ ТУУРА АЙТТЫ,1,1716336000,4,0,1.0,,,,likely_non_hate
UgzLYKrThWnFiGZMInp4AaABAg,HeGfRTka3TQ,Карасан уят бет жок адрес телефон берипалып дагы какандап озунду ак кылып атасын бирок сени эл жалар праститутка секс по расчету кыз экен деп ойлодуго,0,1684713600,25,0,1.0,,,,likely_non_hate
Ugwg5EMDhNv9JfLpRs94AaABAg,rcF3WelvY18,"Баляянын баары Аракта емнеге эч ким тыйуу салаалбайт ушу алкогольго,турмодо 99 .процент арактын айынан болот екен, арактын айынан бомж болуп кочодо калып атышат,силер тын болуп сигареты анан Калян деп,корунбой еле койгула,кулкум келип атат 😂кылганынарга🎉",0,1753142400,34,0,1.0,,,,likely_non_hate
UgxUTO3mp3cNylkwVM14AaABAg,bXQ7pHLuXSc,Максим баран кыргызы рана или поздно достанем тебя и твой самец будет кыргыз.никуда не денется этот баран,0,1684713600,17,0,1.0,,,,likely_non_hate
UgzsiXimyIzQSafIHih4AaABAg,KSVY5SRkfn8,Урматтуу президентибиз туура эле реформа кылып жатса керек,138,1771718400,8,0,1.0,,,,likely_non_hate
UgyRKeZUY0HPahAiPCB4AaABAg,bXQ7pHLuXSc,Кырылып кеткиле тобун менен!!!,0,1684713600,4,0,1.0,,,,likely_non_hate
Ugx-DfL_udLi4jbdifh4AaABAg,KSVY5SRkfn8,Пресс концерт деп алайын деди го.😂,0,1771718400,6,0,1.0,,,,likely_non_hate
UgyA2UkbVifd2Go8__14AaABAg,KSVY5SRkfn8,Спортчулар эмес жугундулар,0,1776816000,3,0,1.0,,,,likely_non_hate
UgzY_p0qLRVMY48y_wN4AaABAg,GE9a-UY4I7E,Ай Урмат ээсин барда этегин жап дегендей туура эле кылдың сага Али эрте Колуңдан келген ишти жасап,0,1621641600,17,1,1.0,,,,likely_non_hate
UgwueuY7kyVs64OClzN4AaABAg,9SK6boOSZX0,Шох ОЗУ террорист болгон экенго убагында,0,1684713600,6,0,1.0,,,,likely_non_hate
UgzZHMjQxJxFz5qdWmF4AaABAg,MzmJyHQlS5Y,Бир дагы депутат таза эмес баарын кеттиришкерек,0,1716336000,7,0,1.0,,,,likely_non_hate
Ugw7bTaFLMnW5n0kDul4AaABAg,MzmJyHQlS5Y,Талант Мамытов клоун,0,1766361600,3,0,1.0,,,,likely_non_hate
UgyGUgSNMZbSPcmfX2B4AaABAg,9SK6boOSZX0,"Кудайга шүгүр, ушунча убакыттан бери чечилбеген чек ара маселесине чекит коюлду, эми сактаныш эле калды.",0,1766361600,15,1,1.0,,,,likely_non_hate
UgwgbxA3RJJ5oTKkV4R4AaABAg,rcF3WelvY18,"Чындыгында жанды кейите турган маселе экен. Бирок коопсуздук күчтөрү алсыз экениңерди көрсөттүңөр, аныктап гана бердиңер. Эми жалпынардан суранабыз чара көрүлүп ушул ЛГБТга ""чекит."" койгула!",8,1753142400,24,1,1.0,,,,likely_non_hate
UgxYBgABeBmT8IdfHbl4AaABAg,8W94yWJHw6A,"Оой ойды кыйды дунуе,ыр эсиме келди,(келееринде дуне,гулдоп жаткан жердейсин,кетееринде дунуе,какшып калган сайдайсын)-Оо пенделер козунорду ачып,ойлонгула!",0,1716336000,15,0,1.0,,,,likely_non_hate
UgxYqOFIh_wlnKeJjkB4AaABAg,9SK6boOSZX0,"Киргизи, не шутите генералом шохом, он непошидить.",0,1716336000,7,0,1.0,,,,likely_non_hate
Ugwe7Qf0Jq_nZHbUh2B4AaABAg,9SK6boOSZX0,"Бул жапайылардын бүт кылмыштарын тактап, эл аралык сотко бериш керек. Генпрокуратура ушул жолу чара көрбөсө, каны төгүлгөн жигиттердин өлүмү кечирилбейт!",0,1684713600,20,1,1.0,,,,likely_non_hate
UgyRKoSmQo9B_xnGD8x4AaABAg,bXQ7pHLuXSc,ПАН БАШТАР БАКИЕВ КЫРГЫЗСТАНДЫ ХИПИККЕ КИРГИЗГЕНИН ЭСИНЕРДЕН ЧЫГАРДЫНАРБЫ ТУПОЙЛОР,1,1558483200,9,0,1.0,,,,likely_non_hate
UgymD_gp_XwiDAt_tD14AaABAg,9SK6boOSZX0,Кудай коруп турат дагы жер титиреп кочку басат тажиктерди озу тийишкенди жон койбош керек,0,1684713600,14,0,1.0,,,,likely_non_hate
Ugz8hEmquhghSSLsa8x4AaABAg,va4UkKaVJ8k,Мечтал чтоб бассын деп 🎉🎉,0,1753142400,5,0,1.0,,,,likely_non_hate
UgzT3vMV4EfSFj3ThUN4AaABAg,iM4S3PDEGDg,Эртен саар аянтка келгиле Жапаровду колдоочулар коргоп калалы,25,1621641600,8,0,1.0,,,,likely_non_hate
UgzjMoTjJLO1Ntt_ESB4AaABAg,KSVY5SRkfn8,"Садыр Жапаров бали, сиз менен сыймыктанабыз",0,1771718400,6,0,1.0,,,,likely_non_hate
UgySux_Vn8DW3NnWxL14AaABAg,bXQ7pHLuXSc,Максимди президент кылыш керек эле,0,1621641600,5,0,1.0,,,,likely_non_hate
Ugyu3Zj9zi6immwD0P14AaABAg,8W94yWJHw6A,Матраев олсо андан башкалар чыгат,0,1716336000,5,0,1.0,,,,likely_non_hate
Ugz2sm69709UDhN3xK14AaABAg,KSVY5SRkfn8,Жел болбосо чоптун башы кыймылдабайт,1,1771718400,5,0,1.0,,,,likely_non_hate
Ugz4JPSnivSOK070vTl4AaABAg,KSVY5SRkfn8,Получается Ташиев в ГКНБ организовал ОПГ?,0,1771718400,6,0,1.0,,,,likely_non_hate
UgyiFSvW0clmd_-aYv54AaABAg,bXQ7pHLuXSc,Максим оз мээнети м.н жашайт.Максимде баш бар,0,1621641600,7,0,1.0,,,,likely_non_hate
UgyYpaQjUdlfNUSqWMd4AaABAg,KSVY5SRkfn8,Мындай мамлекетик кызматта иштеп мындай туура емес иштегендерди катуу чара корулсун,557,1771718400,11,0,1.0,,,,likely_non_hate
Ugy5ld_125YAPEa1ZhB4AaABAg,MzmJyHQlS5Y,садыр тубунорго жететко буйурса бааарынын,0,1716336000,5,0,1.0,,,,likely_non_hate
UgyDb83xanPzMP2XaKR4AaABAg,GE9a-UY4I7E,"Атамбайдан баш ка эч бир пенде нин колунан кел бейт,анан кудай дын колунан гана келет",2,1526947200,15,0,1.0,,,,likely_non_hate
UgzfLUhWWBvOmTPW35R4AaABAg,MzmJyHQlS5Y,Маркум Улан Эгизбаевди...ушул матраимов олтургон.,0,1716336000,5,0,1.0,,,,likely_non_hate
Ugyqd5kCFaeeavwuR7l4AaABAg,8W94yWJHw6A,Оо депутат ! Кыргызда колдонойлу деген соз жооок !,1,1747872000,9,0,1.0,,,,likely_non_hate
Ugz-U37QvvrVVP127614AaABAg,iM4S3PDEGDg,Народ за Садыра!!!,2,1621641600,3,0,1.0,,,,likely_non_hate
Ugwb_rbeSLpNnViJO7F4AaABAg,rcF3WelvY18,Ведущий диктатор свое мнени держи при себе иди учитса вабще неграмотный ведущий ужас,0,1755820800,13,0,1.0,,,,likely_non_hate
UgzI7e86wlN6KLkD4kd4AaABAg,9SK6boOSZX0,Генерал шохту козуго атышкерегеде биздин снайперлер,0,1684713600,6,0,1.0,,,,likely_non_hate
UgzL-gancasshHo8CUN4AaABAg,mOGb4Wzdbv4,Аттиң арман кыргызым кантип адашып Байсалов Едил деген гейди ушундай жумушта иштеттик Аллахым озу кечирсин бизди.,1,1684713600,16,1,1.0,,,,likely_non_hate
UgyFvSwO7oRDsE2U7wV4AaABAg,MzmJyHQlS5Y,Азаматсың. Айбек ишиңе ийгилик 👍🇰🇬 Сен келечекте. Кыргызстандын алдыңкы журналист болуп. 🇰🇬,3,1716336000,12,1,1.0,,,,likely_non_hate
UgzhkH1LfHe7kXvt8od4AaABAg,rcF3WelvY18,Ошол жердегилердин баарын автомат менен кырып атып салса сооп эле болот Алланын каары тушкон жай экен,0,1753142400,16,0,1.0,,,,likely_non_hate
UgwVzA0Tb8sasWjTH6F4AaABAg,HeGfRTka3TQ,Жаш Кыздар тушунугужетелек учурдан пайдаланат как башжаман Адам екенинбилбей тушунбойдуушар болотекен,0,1653177600,11,0,1.0,,,,likely_non_hate
Ugyo4WaETGRH-fMSBlJ4AaABAg,va4UkKaVJ8k,Красавчики гкнб реально работает,0,1753142400,4,0,1.0,,,,likely_non_hate
UgyuRk91qYUIUNpYtlt4AaABAg,bXQ7pHLuXSc,Эл кимдин ким экенин билип калды? Бащты айлантпагыла,25,1558483200,8,0,1.0,,,,likely_non_hate
UgzrNLJ6BsWmYvFJfHd4AaABAg,HeGfRTka3TQ,Додур канал Азатык секс Дегенден башка передачанар жокбу 👎👎👎👎👎,0,1558483200,9,0,1.0,,,,likely_non_hate
UgzXPbuR2vhOVSknJ394AaABAg,9SK6boOSZX0,Тоҷикистон ба пеш,0,1716336000,3,0,1.0,,,,likely_non_hate
UgxokJtq1McaTYLhXcR4AaABAg,HeGfRTka3TQ,Айзада молодец кыздарды тарбияга салчы ушул мунозундон кайтба ❤❤❤,9,1590105600,9,0,1.0,,,,likely_non_hate
UgwhSFx8YS82DuLOHIp4AaABAg,KSVY5SRkfn8,Бул озу Эду деген жана тегерегиндеги 40 чоросу мурдагы Матраимовдун спортсмендери.Анткени Эду деген гугулда Матраимовдун жана Саркарбаев менен тушкон суроттору коп экен.,0,1771718400,22,0,1.0,,,,likely_non_hate
UgzYL-anKAgvRTYN4st4AaABAg,9SK6boOSZX0,"Булар каапырлар,мусулман мусулмандын канын эч качан төкпөйт.Кой терисин жамынган карышкырлар,же мусулмандарды жаман аттуу кылган каапырлар .",0,1684713600,16,1,1.0,,,,likely_non_hate
UgyljCME8FWdIcLd8Wt4AaABAg,KSVY5SRkfn8,Ошондо булар кимдин бандасы Ташиевдикиби мына сага ОГП.,0,1771718400,8,0,1.0,,,,likely_non_hate
UgwmOOuToa9IKSeJqyF4AaABAg,8W94yWJHw6A,"Кыскасы Матраимовдун ити чоп жеп турган кезде кээбир чиновник, депутатар пайдаланып аны кочугу ачылганда баары тааныбаймын деп шайтанча кочугунон сасык жел чыгарып качып башташкан экен эки жуздуу жеп жутарлар олкону талкалап бети жок иттер жиркеничтуу экенсинер эркегин да катындарын да силерге Кудайдын эле алы жетпесе,ошол Кудайга тапшырдык силерди уяты жоктор.",0,1755820800,50,0,1.0,,,,likely_non_hate
UgwO0YTXJLP-6EAlbvZ4AaABAg,rcF3WelvY18,Оронуп алышып чегип ататко тоа 😮,0,1755820800,6,0,1.0,,,,likely_non_hate
UgyMn0szeH9Asir3oRN4AaABAg,rcF3WelvY18,Ким токтотуп алат дейтго манка Анда камаш керек турмого 1айга зечки,0,1755820800,11,0,1.0,,,,likely_non_hate
UgzOFtYnSAOrs6bFixV4AaABAg,HeGfRTka3TQ,Бул батыштын кыргыздардын мен талитетин каршы турган уюму акчага сатып алышкан,0,1684713600,11,0,1.0,,,,likely_non_hate
UgyD5Ju8TcVlP-4jqOp4AaABAg,MzmJyHQlS5Y,Жалган суйлобой ачык айткыла атамбаев жеенбекойту колдобой кырыса болуп бабановту колдогон,0,1747872000,11,0,1.0,,,,likely_non_hate
UgwnEUDNnczRPYe5WA54AaABAg,rcF3WelvY18,Буларды депорт кылыш керек клуб жабылганы менен жара айыкпайт...,0,1753142400,9,0,1.0,,,,likely_non_hate
UgxADYqh9jkWyAAjg9Z4AaABAg,9SK6boOSZX0,Тажик элин Аллахыма тапшырдык элдерди ушунчалык чыркыратып неге жетишесинер жаман кыжырыны кайнатышты эркек болгонумда мен да мекеним учун жанымды да аябайт элем тусторун коргум жок силер канча элди какшаттынар жон эле койбойсунарбы уйлорду какшаттынар элди,0,1684713600,35,0,1.0,,,,likely_non_hate
Ugw2oxaWoFs5Ro5dZfB4AaABAg,MzmJyHQlS5Y,Едил сенозунда караталаш кашмар адамсын катындай болгон,0,1716336000,7,0,1.0,,,,likely_non_hate
UgzDZbDWDv4jg3dIhfh4AaABAg,9SK6boOSZX0,Правакатор почему врёшь ты ради просмотра что попала говориш,1,1716336000,9,0,1.0,,,,likely_non_hate
UgxUFNr4AufGKsc8U994AaABAg,bXQ7pHLuXSc,"Эгер Максим Бакиев кунолуу болсо ал чет олкодо кармалмак, нары ал иштей алмак эмес, ушунча жылдан бери эч нерсе табылбады, чет олкодогу окмоттор да коз алышмак, азыр кыргызстанда ким иштеп кетсе ошол кунолуу деп айтылат а биздин депутаттар аккуунун котундой ак аларды корбойбуз сокур болуп калышкан го ошолор отурат акча жээрлер бир иш кылса гана, откон кунду эле талкулай беришет",0,1558483200,60,0,1.0,,,,likely_non_hate
UgyHlqKNfPE6Uucf9MB4AaABAg,HeGfRTka3TQ,Маладец айзада сана окшоп ошол кыздар журналист той алпарган болсо озун айткандай секистешип кетет эле да,0,1590105600,16,0,1.0,,,,likely_non_hate
UgzaXK3L0TOosnTQk3d4AaABAg,bXQ7pHLuXSc,Каргышка калган жоот,0,1558483200,3,0,1.0,,,,likely_non_hate
UgxZD-wswLs9Is9IT2V4AaABAg,bXQ7pHLuXSc,Максим Бакиев сам успешный бизнесмен вполне мог сам заработать....он и сам по себе умный человек ...зачем травлю на него открывать,0,1590105600,20,0,1.0,,,,likely_non_hate
UgxhlgeWhalx8XGQ3IB4AaABAg,GE9a-UY4I7E,Аида кийин озун кыйналдын да,0,1747872000,5,0,1.0,,,,likely_non_hate
UgzCHdNSrJvpvl2tw8h4AaABAg,KSVY5SRkfn8,Болмок тургай болгон опг болгон 100 процент Садыр эле корбой журбосо эл ьут коруп жон териси менен сезип айтып камалып келбедиби,0,1774137600,21,0,1.0,,,,likely_non_hate
UgyOF3QGvK9zdS4GWzd4AaABAg,uVtRxYnDPIQ,У нас народ такое не примет..по всему СНГ...,0,1753142400,8,0,1.0,,,,likely_non_hate
UgynlIQOL7GuBnxHxY94AaABAg,9SK6boOSZX0,Тажиктер бирди коралбай жатат,0,1684713600,4,0,1.0,,,,likely_non_hate
Ugzk2HXVX6AKnRpc1nJ4AaABAg,MzmJyHQlS5Y,"Мамлекеттин акчасын жегени туура эмес Кошулам сиздерге! Бирок пандемия учурунда Элге коп жардам кылган имарааттарын больница катары сунган элге , Баткендеги окуяда Эн биринчи болуп Гум помошь жиберген жакшы жактары да бар ! Мен жеке тааныбайым да ал кишини тааныганга конулумда жок! Бирок жакшы жактарында айтып койгулаа туугандар!! Азаттык бул Акш тараптан жардам алышат Жанар Акаевта ошол жактын адамы деп уканмын адамдын тек кана жаман жагын жаза бербестен жакшы жактарында кошуп койгулаа",0,1716336000,72,0,1.0,,,,likely_non_hate
Ugxdq_l4-aIFOERpuzl4AaABAg,va4UkKaVJ8k,Молодец ушундай кылыш керек,0,1753142400,4,0,1.0,,,,likely_non_hate
UgwbWlovYYXc8hMzgcx4AaABAg,MzmJyHQlS5Y,Спортсмендер тегеректеп журотко.,0,1716336000,3,0,1.0,,,,likely_non_hate
Ugz2WUkj4CW75ABrDYR4AaABAg,8W94yWJHw6A,"Чыныгы эле чон карупционерлерге тийишпейт , чон Кыргызстанды жеген карупционерлердин бири да отурган жок ,баары жургап журушот, элге калп айтып Элди алдап эле журушот",0,1766361600,24,0,1.0,,,,likely_non_hate
UgxFa_560CxB7T4N-T14AaABAg,bXQ7pHLuXSc,КЫРГЫЗЫСТАНДАГЫ 120 ДЕПУТАТТАРДЫ БАЙЛЫГЫН ТЕКШЕРСЕНЕР ЖАКШЫ БОЛОТ ЭЛЕ ЖУРНАЛИСТЕР,75,1621641600,9,0,1.0,,,,likely_non_hate
UgyreebM_rg6Wnr0miZ4AaABAg,HeGfRTka3TQ,Ээй кагылайын кыргыз кыздарым озунор себебчи болуп жатасынар жарым жыланач шайтанга окшоп журосунор озунор ойлонуп коргулочу,0,1558483200,16,0,1.0,,,,likely_non_hate
Ugy0BLRoJtNI-iIWjkZ4AaABAg,KSVY5SRkfn8,Арким өзүнүн кадырын коюп башканы иштен алып жамандамай,0,1771718400,8,1,1.0,,,,likely_non_hate
Ugxo03HpwZUJNhmauYd4AaABAg,8W94yWJHw6A,бул жерде анын кандай мамиле кылганы эмес бажыдан тушкон акчаны сол чонтоко уруп койгону болуп жатат оной акча тапса любой эле адам элдерге жардам берет да оз мээнети менен байыган адам мындай болбойт биздеги байлардын кобу Кыргызстандын мулкун сатып мамлекеттин акчасына байыгандар коп,0,1716336000,43,0,1.0,,,,likely_non_hate
Ugzyq174C-kH6_wHTWx4AaABAg,9SK6boOSZX0,Чек араны тез арада тоспосок келечектеги жатарыбызды кор кылып алабыз чек ара дагы деле ачык депутар не кылып отурат чек араны тоспой ворух дагы деле ачык кыргыстан чек араны тосо албай коркуп жатат деп баткенде Эл ишенбей калды,0,1716336000,38,0,1.0,,,,likely_non_hate
UgzMAMf5qQBAq_2oy8d4AaABAg,KSVY5SRkfn8,"Кайсыл жерде жатат, көрсөтпөйсүңөрбү? Козу гриль жеп, 5 жылдыз номерде би 😉",0,1776816000,12,1,1.0,,,,likely_non_hate
Ugzc056zaHz_P5RPwat4AaABAg,HeGfRTka3TQ,Чоон проблема чечип атышатго,0,1590105600,4,0,1.0,,,,likely_non_hate
Ugxmgda76CZD35wBnv54AaABAg,GE9a-UY4I7E,"АТАМБАЕВ ЖОЛ АЧТЫ, АЙДАЙ АЧЫК КОРУНУП БИЛИНИП ЭЛЕ ТУРАТГО",61,1558483200,9,0,1.0,,,,likely_non_hate
UgxjWojRDSSEzj27_1p4AaABAg,8W94yWJHw6A,Кыршызстанды раим менен атанбаев сазга тыккаг ушулар эн бай адамдар буллар кыргыздын казынасын сызгырган тулкулор булар,0,1716336000,16,0,1.0,,,,likely_non_hate
UgwAkFBPAIDlIQKrNwZ4AaABAg,GE9a-UY4I7E,надо всех чиновников растрелять с 2010 до 2017 как врагов народа время придет и вы все ответите.я всех растрелял бы если бы стал презиком,0,1558483200,24,0,1.0,,,,likely_non_hate
UgyZPPIVfgQQQlK9tlJ4AaABAg,MzmJyHQlS5Y,Туштон кийин актанып озунорду матраимовтон алып качасынарда убагында котунон ээрчип журдунор элего депуттар,0,1716336000,13,0,1.0,,,,likely_non_hate
Ugz9CpIQST4P8jVhcCR4AaABAg,8W94yWJHw6A,Бул парламенте баарыле раим миллион ду ашы жеп жургөн марионетка депулар. Мыйзамды ММ билбеген тарыхты билбеген адамдар келген бул парламентке.,0,1716336000,20,1,1.0,,,,likely_non_hate
UgwzsTZ1OVAv8sLeC-x4AaABAg,8W94yWJHw6A,Биздин депутаттар бары ооруп калатабы дейм да акыркы күндөрү,27,1716336000,9,1,1.0,,,,likely_non_hate
Ugz36pVrOKSzoNIr3uN4AaABAg,rcF3WelvY18,"Сакалың өрттөнгүр милиция кызматкерине догурунатда .Не заман болду? Илгери чоң кишилер ,аксакалдар сакал коюшчу ,азыр башаламан 😢.",0,1753142400,17,1,1.0,,,,likely_non_hate
Ugx53RpFpIIkd9M_Zep4AaABAg,KSVY5SRkfn8,"Ташиевтин кадрлары жакбай кудай Берип калды да ,кеткен кишини жамандап эле жатып калышат",3,1771718400,13,0,1.0,,,,likely_non_hate
UgyREjqP9sLeKHEBafF4AaABAg,8W94yWJHw6A,Депутаттардын баары эле орукчан окшойт даарыланганы эле кетеберишетко,1,1716336000,8,0,1.0,,,,likely_non_hate
Ugwaxd2bUg3XW_L2PYR4AaABAg,rcF3WelvY18,ЛГБТ БИРО ТОЛО ЖОГОЛСУН КЫРГЫЗ ЖЕРИН БУЛГАБАЙ И УЛУТТУ БУЗУП АРАМ ИШКЕ ТУРТКОН БАТЫШ БУЗКУЛАРЫ БИРО ТОЛО ЖОГОЛСУН ❗❗⚠️⚠️,0,1753142400,19,0,1.0,,,,likely_non_hate
UgwyC2sv0sV1Swa7uG54AaABAg,MzmJyHQlS5Y,Беш бакан емес.Беш камансынар да.,0,1716336000,5,0,1.0,,,,likely_non_hate
UgwIyGqg6mLeB8-ZeUt4AaABAg,va4UkKaVJ8k,Молодцы ЛГБТ коом деген нерсени туп тамыры менен жок кылгыла...,0,1755820800,10,0,1.0,,,,likely_non_hate
UgyB21L41UWwvflLKHR4AaABAg,9SK6boOSZX0,Шох канкордур жазасын Аллах берсин Бир саатка жетпей кырсыктап олсун,1,1684713600,10,0,1.0,,,,likely_non_hate
Ugy1OI_NSma_fJpI0lJ4AaABAg,9SK6boOSZX0,Шешенсгн кыргыз баурларга комек корсетемiз,0,1684713600,5,0,0.974,,,,likely_non_hate
Ugzkn_XLXAELLkWSIH54AaABAg,fIXFhZQ1Irg,Ыймансыздардын майрамы бизге кереги кереги жок дегендер лайк баскыла,26,1590105600,9,0,1.0,,,,likely_non_hate
Ugz-2BSMRZ9lvwekAwd4AaABAg,KSVY5SRkfn8,"Өзү Кыргыз түпкү ой пикирин өзгөрмөйүнчө! Башкасы келсе деле ушул акыбал азыр булар бири бирин постава менен кармап жатышат, эртең башкасы келип азыркы аппакмын дегендерди деле кармашат.",0,1771718400,27,1,1.0,,,,likely_non_hate
UgyOZgNBYiNkI-KuGJl4AaABAg,MzmJyHQlS5Y,Соке жарабайсын деп айткам сага,0,1716336000,5,0,1.0,,,,likely_non_hate
UgzQ8iv9TLbugzvxOa54AaABAg,9SK6boOSZX0,Ит тажиктер урук тууганын менен куруп калгыла!Ар бир кыргыз каргайлы бирообуздун болсо да каргышыбыз тийет буйруса!!!,0,1684713600,16,0,1.0,,,,likely_non_hate
Ugz0GXeV_5VsXKdW-al4AaABAg,HeGfRTka3TQ,"Канчалаган жаш кыздар студентки акчасын айынан оздорун сатып журушот,бул эки Кыз жон эле шоо,завод фабирка коп ишканалар ачылса бул иш азайат ийман бар кыздарда бирок акча жок.",0,1653177600,27,0,1.0,,,,likely_non_hate
UgzWd9UIefln6J7SyK54AaABAg,MzmJyHQlS5Y,Сооронбайды камаш керек Райым миллионду ошол которгон Атамбайев менен Райым учун согушкан,0,1716336000,12,0,1.0,,,,likely_non_hate
UgxyPS99Xz8_agG9Fr14AaABAg,bXQ7pHLuXSc,Вотакая жизень 😁😁😁😁😁,0,1590105600,3,0,1.0,,,,likely_non_hate
UgwWRHyoe5gDYMxk2-B4AaABAg,KSVY5SRkfn8,"Жапаров менен Ташийевтин созу бир чыкпайтатко, Жапаров чечим чыгараарда Ташиевке чалып макулдашканмын дейт, а Ташийев мага кутуусуз болду дейт бул чечим, кимисиники туура?",0,1771718400,23,0,1.0,,,,likely_non_hate
UgzjExwnxOmTPk3JxPh4AaABAg,GE9a-UY4I7E,Сиз туда или суда эле экенсизда э.,0,1653177600,7,0,1.0,,,,likely_non_hate
UgwemWkR_AsTrYGEzsp4AaABAg,MzmJyHQlS5Y,Коросунорго жакында чабылат булда,0,1716336000,4,0,1.0,,,,likely_non_hate
UgyAUAabkHKB7ygLzM94AaABAg,rcF3WelvY18,"""Эл көбөйсүн, төрөгүлө"" дегенди кааласаң, анда продуктуларды арзандаткыла! Батирлердин баасын түшүргүлө! Эки дос келери менен минимум эки эсе кымбаттады баары!",3,1753142400,20,1,1.0,,,,likely_non_hate
UgxzqtodkJzZNdVdaxh4AaABAg,rcF3WelvY18,"Обычно я не оставляю комментарии,но здесь не могу промолчать.Начинается всё с запрета курения,и вроде бы правильно,но тревожит другое: в стране десятки более важных проблем :защита женщин и детей, насилие, кражи, коррупция.И вместо того чтобы решать это-нам просто затыкают рты.Ограничивают соцсети чтобы мы меньше видели,меньше говорили! Сегодня запретили сигареты, завтра-открытые платья,а послезавтра-право голоса.И всё это происходит как будто тихо и незаметно. Мне больно за то,что свобода —это не про нас. А должна быть…",1,1753142400,72,0,1.0,,,,likely_non_hate
UgxJ8waKrRCig_IGEOd4AaABAg,mOGb4Wzdbv4,Булардын башкы колдочулары равшан жээнбеков отунбаева текебаев сыяктуулар турганда булар ачыка чыга баштады буларга катаал чаралар керек буларды баардык жерде кыргыз урпагы деп санабаш керек жана коомдон ажыратыш керек,0,1684713600,29,0,1.0,,,,likely_non_hate
Ugy4rgU0KdsHlFFK7cR4AaABAg,GE9a-UY4I7E,Ырысбек чыныгы патриот,0,1684713600,3,0,1.0,,,,likely_non_hate
Ugzxzy1cY8GXa0fsMRR4AaABAg,rcF3WelvY18,Жабыш керек түнкү клубтарды,1,1763769600,4,1,1.0,,,,likely_non_hate
UgxHG_1ktjGdFbY_6uB4AaABAg,HeGfRTka3TQ,Жамгырчиева ток этеер жерин айтты.жердин жети катмарына кирип кетти го.,0,1590105600,10,0,1.0,,,,likely_non_hate
UgyVy0IpdSeSYUTImUR4AaABAg,KSVY5SRkfn8,Бийликте жалан эле каракчылар топтолгон,0,1771718400,5,0,1.0,,,,likely_non_hate
UgyBHhVYZ93Swzwymul4AaABAg,iM4S3PDEGDg,Ушакчылар кыларга жумушунар жокпу,0,1774137600,4,0,1.0,,,,likely_non_hate
Ugw8txxUjr8Gz7VZrFd4AaABAg,KSVY5SRkfn8,Коррупция Кыргызстанда жоголбойт экенда,0,1774137600,4,0,1.0,,,,likely_non_hate
UgzQUzPP8LuQ7at6LpJ4AaABAg,KSVY5SRkfn8,Иманалиев Бакытты олтургонун айтпайсынарбы?,1,1771718400,4,0,1.0,,,,likely_non_hate
UgzVzdLE8PYsmZY2lq54AaABAg,MzmJyHQlS5Y,"Пахтакорлор ду чекеден камагыла УКМК алга,ырлары бутту Раимдин,арам акчага мечит салган болбойтго.",0,1716336000,12,0,1.0,,,,likely_non_hate
Ugx8Y564CXlyyMMv_uN4AaABAg,KSVY5SRkfn8,Оказывается Ташиев создал опасного монстра,0,1771718400,5,0,1.0,,,,likely_non_hate
UgwEXBKrSD0K5WOuKSF4AaABAg,9SK6boOSZX0,алах акбар деп кудай ургурлар,0,1684713600,5,0,1.0,,,,likely_non_hate
UgzNc6To5e7_clI1aJx4AaABAg,GE9a-UY4I7E,акыйкатчы турсунбек акун биронун айтканын кылып интервию бергенден кийин жоопко тартылышын керек убагы келет ушуга катышкандар жоопко тартыласынар,1,1526947200,18,0,1.0,,,,likely_non_hate
UgyzJbjS0ryNBUIU6I54AaABAg,GE9a-UY4I7E,Вордун готуну жалаган крысалар,0,1621641600,4,0,1.0,,,,likely_non_hate
Ugy9JTFw-36vGWU9mah4AaABAg,8W94yWJHw6A,Алишер Козуев Райымдын Россия заправкасын иштетет,0,1716336000,6,0,1.0,,,,likely_non_hate
Ugxp3-BWOQxuqV29arx4AaABAg,HeGfRTka3TQ,Рада Туманбаева эмне башка иш жокпу..... Тукуругунор эмне болду башты ооруттунаргоо,0,1558483200,11,0,1.0,,,,likely_non_hate
UgyqpDAWz_0fkYvs7XN4AaABAg,8W94yWJHw6A,Башка тема жокбу,0,1716336000,3,0,1.0,,,,likely_non_hate
Ugy-3cAjtYBMHribXLR4AaABAg,bXQ7pHLuXSc,Вот где наши денги и всех унаших чиновниках загранкай недвижимость это детские пособия зарплаты пенсии кыргыстанцев и до сих пор порядка нету люди не верят властям,0,1653177600,26,0,1.0,,,,likely_non_hate
Ugw8T_7_lR3g6C_2SoR4AaABAg,MzmJyHQlS5Y,Сволучтар богун жепсинер 38:59,0,1716336000,4,0,1.0,,,,likely_non_hate
Ugw54CvoTn8rjOE3sfl4AaABAg,GE9a-UY4I7E,ТИГИ БУ ДЕП СУЙЛООРДУН АЛДЫ ЖАЛТАКТАБАЙ ТУРУП АЙТЫШ КЕРЕК.ПУТИН ЧЫГАРЫП КЕТТИ ДЕП.АЛМАС АТАМБАЕВ ПУТИНГЕ ЖАГАЛДАНАМ ДЕП ОШОНУ КОРМОК.БИР ЭКИ АЙТКАНДЫ УКПАЙ.КОЗУН МАЙ БАСЫП.,0,1590105600,23,0,1.0,,,,likely_non_hate
UgxKOFPKr4ZwjHkIAFF4AaABAg,bXQ7pHLuXSc,Кыргызстан дын байлыгын ушинтип ташып журсо кайдан онугот кыргыздар андан коро ошол байлыкты оз олкосуно берсе болбойбу ер журок манас атабыздай аял заты болгон курманжан енебиздей аял башы менен кыргызды бириктирип кармап турган ошондой журогу таза абийри таза инсандар болушун журогубуздон кудайдан сырайт елек ишин илгери омурун узун жолун шыдыр жолукканын кызыр болсун кыргызстан учун емгенин елге жетсин ел емгегинди бааласын оомийн аллахым колдосун оомиин кыргызстан онуксун,0,1653177600,67,0,1.0,,,,likely_non_hate
UgzAZRuFQMk2X6ApLSl4AaABAg,GE9a-UY4I7E,"Интересно получается! Курицу украл , чтоб дети с голоду не умерли сразу посадят, еще строгоча выпишут, а как могли сами совершить преступление, и остаться безнаказанными, вот вопрос?? Наверно хороший откат получили! Поэтому все молчат, и еще управляют нами, вообще это мразм какой то!!",0,1621641600,43,0,1.0,,,,likely_non_hate
UgxEWahVYyK2ll2ISo14AaABAg,8W94yWJHw6A,Пусть пириежают хватит карангы болуп барынардын башынар бар аракты озунарга куюп атавы менинерди иштетктиле бизди да эль бильсин карангылар уйдо отурсун манас болуп кетет делом зайимитесь сплет5ники людми нада встать не дикорями бут бары кельсин добро пожаловать наркотиканы арак проситуция ны каоагыла шермкнбдебисти чыгаргандар коп милиция айбандарыбыз бар бизди у ят кылгандар мал дар бар ичтбизде,0,1747872000,56,0,1.0,,,,likely_non_hate
Ugw2MmGn9pxEJciAyTl4AaABAg,8W94yWJHw6A,Надира жезкемпир качан жоголот 😮😮😮,44,1716336000,5,0,1.0,,,,likely_non_hate
Ugy00Wix_a9-2lCweJd4AaABAg,rcF3WelvY18,Ар жакта розовый жоолукчан урдура чегип атат тобаа,0,1763769600,8,0,1.0,,,,likely_non_hate
Ugz597lMhqxfsLrz39N4AaABAg,bXQ7pHLuXSc,Оа туура айтасынар азыркы депутаттардыкынан кичине экен сарайы бирок экономика онугуу жолунда болчу азыр артка кеттик. Алкашка ишенип,14,1558483200,18,0,1.0,,,,likely_non_hate
UgyV-1Vg9Yx6-_xdVjB4AaABAg,8W94yWJHw6A,Нарматова донуз 24саат иштейт имиш,0,1716336000,5,0,1.0,,,,likely_non_hate
Ugwmab9MiaPTUUdrPc94AaABAg,GE9a-UY4I7E,Олбос болдуго Бир кезде люкта жаткан ошондо неге тонкойгон жок акун тулку.,0,1590105600,12,0,1.0,,,,likely_non_hate
UgzgqLWj-yQuC0titux4AaABAg,8W94yWJHw6A,Мурда Текебаевты бөчө кылып көрсөтүшчү эми Матраимовту Түштүктөн болот ошон үчүн!!!,0,1716336000,11,1,1.0,,,,likely_non_hate
UgxB2sWruQ6pLur3WUN4AaABAg,8W94yWJHw6A,Алишерди да камаш кк коп заправкаларды элден тартып алып озуно рассия деп откоруп алган Раимдин кучугу ал,0,1716336000,17,0,1.0,,,,likely_non_hate
UgwrRuNom-Ngd45L66B4AaABAg,HeGfRTka3TQ,"Тааныбаган элэ депутаттар коп экен, алар Озу эмне иш кылат деген ой барбы силерде да?",1,1558483200,15,0,1.0,,,,likely_non_hate
UgzkZizOkcGW-_yg-ch4AaABAg,8W94yWJHw6A,"Ак ийилет бирок сынбайт, азыркы бийлик дагы жылдар өтүп Раимдин ордунда болуп калышы мүмкүн",1,1716336000,14,1,1.0,,,,likely_non_hate
UgxT92y_IUs4WsjaYJR4AaABAg,MzmJyHQlS5Y,"Айланайын Кыргыз калкым, Кыргыз жаштар, 7 область Мен Силерге Таазим кылам,, баарына чыдап,, кыйналып жашап журдунор",0,1716336000,16,0,1.0,,,,likely_non_hate
UgyU_rqm-8nyYtJ2cgN4AaABAg,GE9a-UY4I7E,"Батукаевди чын эле оло турган укол берип чыгарсанар жакшы болмок ,баарынар суйунуп жашамаксынар,эми киминер куноолу болсонор эркекче мойнунарга алып Батукаевдин ордуна киргиле да",0,1590105600,23,0,1.0,,,,likely_non_hate
Ugy1tnjI3IhihvmwG7N4AaABAg,HeGfRTka3TQ,ЫДЫКкорсоткон адамга катуу жаза корулсо жакшы бболмок,1,1621641600,7,0,1.0,,,,likely_non_hate
Ugy1yIGoogcBifymH_94AaABAg,iM4S3PDEGDg,"Дурболончулорго айла жок экенго,эскини жамап,жаскап эле чыга калышат.",0,1776816000,8,0,1.0,,,,likely_non_hate
Ugz97m1GI_ubKvgHEnJ4AaABAg,KSVY5SRkfn8,"Камчы эл үчүн чын жүрөктөн кызмат кылган, бекер каралаба ,эртең өз башыңа келип калат!!!Ташиев президент болуп калса Садырды жамандап чыгасың!!!",1,1771718400,20,1,1.0,,,,likely_non_hate
Ugwmp6usxCX-w7r9dp94AaABAg,GE9a-UY4I7E,Мына ак чач Туштонкийин Актанбай эле койчу барибир билесинде кандай жол менен кетгкнин,0,1621641600,13,0,1.0,,,,likely_non_hate
UgzqyfzSuUScRVb2wAJ4AaABAg,MzmJyHQlS5Y,Матраимовтун байлыгын мамлекетке откоруп озун омур бою турмого отургузуш керек,1,1716336000,10,0,1.0,,,,likely_non_hate
UgwIXDgCsiqiNa4s_L54AaABAg,9SK6boOSZX0,Вы пси ответите за все ваши преступление !!!,0,1684713600,8,0,1.0,,,,likely_non_hate
Ugzyl3XLfFkjHYSNi2d4AaABAg,rcF3WelvY18,Ма ша Аллах Ля хауля ва ля куввата илля биЛлях Баракя-Ллаху фик,0,1753142400,12,0,1.0,,,,likely_non_hate
UgyvOUdmhX4EnEj4EsN4AaABAg,MzmJyHQlS5Y,Раимди кама албайт колдорунан келбейт,5,1716336000,5,0,1.0,,,,likely_non_hate
Ugw8ZWkJwFmiGjSwvpV4AaABAg,MzmJyHQlS5Y,"САДЫР ЖАПАРОВ: Раим Матраимов камалат, мен азыр толук кандуу ишке киреше элекмин. Канча жыл өттү? Же Садырга да факты керекпи?",28,1716336000,20,1,1.0,,,,likely_non_hate
Ugwg89irc4oxm9QqVgN4AaABAg,KSVY5SRkfn8,Ташиев башынан эле таза эмес ага карангы эл укмуш ишенип алышкан,2,1771718400,11,0,1.0,,,,likely_non_hate
UgxHTcsnz-W2ypNqu-54AaABAg,GE9a-UY4I7E,Рысалиев долдуроп торпок болуп каласында далбойоп,0,1558483200,6,0,1.0,,,,likely_non_hate
Ugzx1-1DkmTJetFlMMV4AaABAg,va4UkKaVJ8k,Булардын зыяндан башка пайдасы жок Эл бузарлар тундо буларды машинага салып баарын жок кылбаса кобойуп кетет.,0,1753142400,16,0,1.0,,,,likely_non_hate
UgwzUTm9EsTh1vK3ejh4AaABAg,KSVY5SRkfn8,Кече эле Ташиев болуп жаткан . Бугун адамдар кайра жаман аттуу кылып койду . Садыр да ушундай болот коросунор анын да косяктары бар,0,1771718400,23,0,1.0,,,,likely_non_hate
UgzphYw7DQdKgiQCzqB4AaABAg,KSVY5SRkfn8,"Ташкенин кучукторуда ,, кантип эле озу МЕНЕН озу эле кызматка туруп алсын ,,, таймурас саймурастар менее мафияда ,,, ,, качтыго качты элди жерди таштап ,, бети чыдабай",91,1771718400,27,0,1.0,,,,likely_non_hate
UgyoUWtoX9jYU6QHyF54AaABAg,9SK6boOSZX0,Генарал болбой ол донуз. Биздин чырактай балдарыбыздын арбагы урсун. Каргыш тийсин силерге.,118,1684713600,12,0,1.0,,,,likely_non_hate
Ugwltl6VbkDJndPCFnB4AaABAg,9SK6boOSZX0,Шох тебе надо ибад,2,1747872000,4,0,1.0,,,,likely_non_hate
Ugx55h8rGjI-VbVeuA94AaABAg,9SK6boOSZX0,БУ ТОЖИКЛАР ДУСТ БУЛМИДИ КРИСА БУЛАР,8,1747872000,6,0,1.0,,,,likely_non_hate
UgzuoGOkpPwpNlbybvV4AaABAg,fIXFhZQ1Irg,Причём тут гей порад,0,1590105600,4,0,1.0,,,,likely_non_hate
Ugzd1Op13IZf967Xbnl4AaABAg,KSVY5SRkfn8,Ташиевтин иниси баласы туугандары миллиардер болушту булар куздурган акчаларды оздоруно эле котортуп алышканго уят эле Райым миллионду куздурам деп озунун оозуна куздуруп алганго миллиардер болуп кетишти 😅😊.,1,1771718400,27,0,1.0,,,,likely_non_hate
Ugz-cSU43to87S2H8Hh4AaABAg,HeGfRTka3TQ,Байкуш кыргыздын кыздары галош сыяктуу еле болуп калды орусу немиси кытай негири ким болбосун кийип барып бир жерге же мусорго таштап койуп кетип калат ушуга ким кунолуу,0,1558483200,27,0,1.0,,,,likely_non_hate
UgwHznEipivzHdSnTpF4AaABAg,KSVY5SRkfn8,Омур боюна камагыла 40 чоросу 80 чоросу болобу скей,0,1771718400,9,0,1.0,,,,likely_non_hate
UgxBB_dIadPOcFfZ1YJ4AaABAg,KSVY5SRkfn8,Садыр Жапаров молодец шундай иштеш керек мына там бердим,0,1771718400,9,0,1.0,,,,likely_non_hate
UgzFj3-uf90QqpGnrud4AaABAg,KSVY5SRkfn8,"Биздин шахтадан качан кетет кытай ээлеп албайбы,дагы Бир нерселер чыгарып иштеп кобойуп кетти",1,1771718400,13,0,1.0,,,,likely_non_hate
UgyT14tifrx9QSvoJdR4AaABAg,rcF3WelvY18,"Эми ойнондунарбы кальянды текшерип? Баардык жерде кальян, тамеки, электрондук тамекини свободно чегип жатышат! Аялдамаларда, офистерде кенен чегип жатышат, ЭМНЕГЕ ОШОЛОРГО ЧАРА КОЛДОНУЛБАЙТ!?",0,1753142400,22,0,1.0,,,,likely_non_hate
UgzhdmAPlXgNRGaYPjJ4AaABAg,8W94yWJHw6A,"Нурматова кандай иш кылып жатат 24 саат уктабай бироолорго асылып эле отурат фактысы жок,андан коро ошол НПОлор жасаган иш менен айыл жерине келип таанышпайбы.Эки акция уюштурган уюмдарды коруп чон уюмдарга да соз тийгизип жатат.Ушул аялдан караганда мен жакшы иш кылып журом эл учун.",0,1716336000,43,0,1.0,,,,likely_non_hate
UgyOZpRfYWDoKOHmf4h4AaABAg,iM4S3PDEGDg,"Бул видео тарых корушубуз керек,унутпашыбыз керек🎉",1,1774137600,6,0,1.0,,,,likely_non_hate
UgzwLa2COVCqtNhMCuR4AaABAg,bXQ7pHLuXSc,"Это ерунда!-Атамбаевдин уурдаган акчаларынын, байлыктарынын жанында! Максим, атасы президент болуп турган 4- 5 жыл ичинде уурдаган болсо а Атамбаев -Акаевдин мезгилинен бери эле коррупцияга малынып, уурдаганын койбой келе жатат. -Айрыкча акыркы президент болуп турган жылдарда эбегейсиз чон акчаларды уурдады. КР тышкы карызга белчеден малынды( Азаттык, не занимайся ерундой!-Лучше Атамбаевдин уурдагандарын изилдегиле! -Тапсанар КР тышкы карыздан да кутулат спокойно и коп жакшы нерселерге колдонулса КР Атамбайдын уурдаган акчасы менен эле гулдойт!",12,1558483200,70,0,1.0,,,,likely_non_hate
Ugy886I_eC_IKDb5djR4AaABAg,bXQ7pHLuXSc,Атамбай ж.а Атамбайдын командасы Максимден ашып отот.Бул жанылык эмес,0,1558483200,9,0,1.0,,,,likely_non_hate
Ugyn1aXYXoUo_75K5Gl4AaABAg,9SK6boOSZX0,таджики но мне братья они персы враги мы турк язычный народ,1,1716336000,11,0,1.0,,,,likely_non_hate
Ugx_OJ-LjgQTQE26slJ4AaABAg,8W94yWJHw6A,Бул Жогорку Кенешке канчыктары кошбогула!,0,1716336000,5,0,1.0,,,,likely_non_hate
Ugy0MkUz3mRT0yudyLt4AaABAg,KSVY5SRkfn8,Ташиев кеткени жакшы болду,0,1771718400,4,0,1.0,,,,likely_non_hate
UgzR37oL-j9hz-cPIz14AaABAg,rcF3WelvY18,Кармап кетпейсинерби ушунча баргандан кийин укук коргоочулар!!!!!,0,1753142400,7,0,1.0,,,,likely_non_hate
UgyrtsR5lqeIuvAEiJJ4AaABAg,HeGfRTka3TQ,Айзада эже эң туура айтты.,0,1558483200,5,1,1.0,,,,likely_non_hate
UgxYubqOX6cpdWCB2LV4AaABAg,va4UkKaVJ8k,Мамлекеттен кууп салыш керек келгис кылып,1,1753142400,6,0,1.0,,,,likely_non_hate
UgyKivzQdDBX_H48u1x4AaABAg,9SK6boOSZX0,Бизде калкыбыздын жармы эле генералго,0,1716336000,5,0,1.0,,,,likely_non_hate
Ugx8DbEaTgK0u6eTEkZ4AaABAg,GE9a-UY4I7E,Зарыл аке сизди патриот екен десе далай кыргыздын канын ичкен чеченди озунуз койбердиниз ертен Таласка келгенде небере балдарынызка емне дейз? Болгон ишти болгондой айтсаныз дагыда кеч емес.,72,1526947200,27,0,1.0,,,,likely_non_hate
UgwggwoejnoxnlaT6t54AaABAg,9SK6boOSZX0,Шах Искандар илайим тарпын талаада калсын!!!!! 🤲🤲🤲,7,1684713600,7,0,1.0,,,,likely_non_hate
UgwPcmE-bJsrD2xkZ8x4AaABAg,9SK6boOSZX0,Бу эшшек аллаху акбар демасин мусулмонни ултуруп аллаху акбар демиди бул мусулманмас булар ачик душмандар,0,1684713600,15,0,1.0,,,,likely_non_hate
UgwGzEMYsBPNrTVI2z94AaABAg,MzmJyHQlS5Y,"Шайлоо Атазов тоже не чист! На публику играет кода в жогору кеңеше говорит на трибуне, тоже убрать, про Бабанов слово нет это отдельно тема",0,1716336000,24,1,1.0,,,,likely_non_hate
UgxgwL4mti4Ij3Tmbrp4AaABAg,KSVY5SRkfn8,Камчыбек Ташиев УКМкадакы чорныйларды буларды билбей калган окшойт билсе өзү алып барып камайт эле баарын,0,1771718400,15,1,1.0,,,,likely_non_hate
UgznUPAhqwHglFdkmXp4AaABAg,9SK6boOSZX0,Шуерда қирғизстон кутлик қилган скори помошни уриб аёл киши ичида булгани учун яна қарсак чопканиучун,0,1684713600,15,0,1.0,,,,likely_non_hate
UgydzU9O1iAIMh16P4d4AaABAg,9SK6boOSZX0,Бизде барбы ушундай генералдар Эл учун куйгон Патрёт,0,1684713600,8,0,1.0,,,,likely_non_hate
UgxujjfUNV3FblEDO4p4AaABAg,HeGfRTka3TQ,Андан башка мыйзамынарды иштетип алгылачы,0,1621641600,5,0,1.0,,,,likely_non_hate
Ugy0gL9EFGLO5E1tec14AaABAg,KSVY5SRkfn8,Не болуп атат озу,1,1771718400,4,0,1.0,,,,likely_non_hate
UgzOgkU4J2LgJG5BDPp4AaABAg,GE9a-UY4I7E,Бул чоондорду баарын жок кылабыз,0,1526947200,5,0,1.0,,,,likely_non_hate
Ugyy-bO-njnyWvKZO4l4AaABAg,8W94yWJHw6A,Биаарын тазалаш керек и могул кемпир дагы кетиш керек,0,1716336000,9,0,1.0,,,,likely_non_hate
UgwuSne3gOS6E0ZbtbR4AaABAg,KSVY5SRkfn8,Сразу эле баардыгын берсе ущул да.маши6а сакчы бекер жашоо. Кооп кетишкен.,0,1771718400,11,0,1.0,,,,likely_non_hate
UgxaomwiJP9jJTFBqP94AaABAg,MzmJyHQlS5Y,"Ээ Эл журтум 2 досс Матраимдин Бут ундой былык. Иштерин баарын 5 колдой билет,эмнеге Аны камай албайт эмне 2дос коркобу?.... 29:20 30:57",0,1716336000,22,0,1.0,,,,likely_non_hate
Ugztunu8MqnBGNwA1c94AaABAg,9SK6boOSZX0,Надо отбрать у таджиков земли которые были отданы,0,1716336000,8,0,1.0,,,,likely_non_hate
UgzwyK44KF122IEiJ6d4AaABAg,8W94yWJHw6A,"Былгып эле жатып калган экензинерда арамдар трибунала кооз суйлоп.Тышка чыкканда каалгаганынарды кылып,жещинерче жеп жутушунарча жутуп, карапайым элди мамлекетти сага батырдынар уялбай суйлогондорун кара.Болгон акчасын нолгочейин кустуруп камаш керек жегичтердин баардыгын ошондо иш алдыга жылат.ЖУРОГУ ТАЗА ЭЛИМ ЖЕРИМ ДЕГЕН ИНСАНДАРДЫ ИШТЕТИШ КЕРЕК ЭСКЕРТУУ МЕНЕН.жезен омур бойу камаласын деп.",0,1716336000,47,0,1.0,,,,likely_non_hate
Ugxk612kMa7qJWsq8zV4AaABAg,bXQ7pHLuXSc,БАКИЕВДЕР РЕЗЕРВГЕ 2.5 МИЛИАРД ДОЛЛАР КАЛТЫРЫП КЕТКЕН ЭКЕН УУРДАБАЙ ЭЛЕ. АЛАР УУРДАГАНГА ЭМЕС КАСТЯМЧАН АРАН КАЧКАН ЭКЕН. ОШОЛ РЕЗЕРВДЕГИ МИЛИАРД АКЧАНЫ БАНКТАН АЛЫП КОРСОТКОН БАКИЕВДИН АКЧАСЫ ДЕП ЭЛДИ АЛДАП,11,1558483200,29,0,1.0,,,,likely_non_hate
UgyjkigtJdF2a_Wmcxh4AaABAg,MzmJyHQlS5Y,Онуно жараша ой жугуртот екен да адамдар,0,1716336000,7,0,1.0,,,,likely_non_hate
UgyO-WL8iHtcwfsVbX54AaABAg,8W94yWJHw6A,Мамлкеттин канын соргондор.,0,1716336000,3,0,1.0,,,,likely_non_hate
UgzKZ6BMHtF83MVEa4l4AaABAg,9SK6boOSZX0,Афганистан киргенде коробуз силерге эмне кылаар экенсинер,0,1747872000,7,0,1.0,,,,likely_non_hate
UgzEWXALAfrNbWhzNwN4AaABAg,rcF3WelvY18,Кыргызстандын борбору болгон Бишкек шаарынын так ортосунда ушундай абал болуп атса анда биз кайда баратабыз укук корго органдарын козугода илип коюшпайт экен бундай кетиш болбойт туугандар чара колдонолу,0,1753142400,28,0,1.0,,,,likely_non_hate
UgyBnwX2aWWg3DTJXEJ4AaABAg,GE9a-UY4I7E,Ооол намысы жок акчанын кулдары берген ичкен. АНТ урсун . Чолпонбай дзотко журогун тоскон булар иштен айдайтдеп коркок атса атышам деп намыс жоктооор . Биздин машина эски дейтко бет намыс жокекендаа .,0,1590105600,32,0,1.0,,,,likely_non_hate
Ugxar_j3IFol2-GCkGh4AaABAg,9SK6boOSZX0,Генеральный шох ранше бл маджахед,1,1684713600,5,0,1.0,,,,likely_non_hate
Ugx0_PDqX2gNjDnoQil4AaABAg,KSVY5SRkfn8,Онолуу онугуу болбойт бизде .,0,1771718400,5,0,1.0,,,,likely_non_hate
UgzHvNQtKPicIxiBYvh4AaABAg,KSVY5SRkfn8,Ташиев ОЗУ таза иштеди,1,1771718400,4,0,1.0,,,,likely_non_hate
Ugz5Y1DGlXfinbExqWp4AaABAg,KSVY5SRkfn8,"ГКНБ ажыдаарга айланган экен.Куноосу барынында , жогунунда канын ичтинерго.Ташиев дегенде ыйлаган бала сооронгону калды эле.",10,1771718400,15,0,1.0,,,,likely_non_hate
Ugxi2VdMwLwyMwXQxp94AaABAg,GE9a-UY4I7E,чечендер кыргыздарга кандай мамиледе экен ?,0,1653177600,6,0,1.0,,,,likely_non_hate
UgzQmoo3-cmGPHl9-jB4AaABAg,KSVY5SRkfn8,УШУНДАЙ АЛЛАХ ЖАЗАЛАЙТ ЭЛ КОРБОЙТ ТУУРА БИРОК АЛЛАХ ЖЕТИ КАТМАР АСМАН ЖЕРДИН ОРТОСУНДАГЫ КЫБЫР ДЕГЕНИН ОЙ МАКСАТЫН БААРЫН КОРУП СЕЗИП БИЛИП ТУРУУЧУ АЛЛАХ ЖАЗАЛАЙТ ЖАЗАЛАЙТ,0,1771718400,25,0,1.0,,,,likely_non_hate
UgxSeRYrSjZYdK9bXtl4AaABAg,8W94yWJHw6A,Колдонойлу деген соз жок Кыргызда !,0,1716336000,6,0,1.0,,,,likely_non_hate
Ugw7gh3nFCpG7WlpwLt4AaABAg,9SK6boOSZX0,Аллоху Акбар Таджикистан периёт бапеш,0,1684713600,5,0,1.0,,,,likely_non_hate
UgwETYFkU7HsCvO_JDt4AaABAg,KSVY5SRkfn8,Садыр Азаматсын тураа кылдын сенден эмес ташиден коруп,0,1771718400,8,0,1.0,,,,likely_non_hate
UgwEJWbNGODm63paPp14AaABAg,8W94yWJHw6A,нарматова жолдошева бул кыргыздын стерва катындарын жок кылуу керек,0,1755820800,9,0,1.0,,,,likely_non_hate
Ugy2h615dW-QGz8ZaVJ4AaABAg,KSVY5SRkfn8,"Ташиев жакшы иштеп жаткан эмнени карап жаткан дейсинер,Ташиев чек араны чечти,канчалаган карупсионерлерди кустурду буюджетти которду,канчалаган иштерди бутурду го,Садыр досунун артына жаба чычтыго Уяты жок.Ташиевтин кылган ишин корбосонор кор болосунарго.Бир озунун колунан эмне келмек эле мунун атын жамынып алып канча иштерди кылып жатышты.ошолордун бири бул сволуштар.",0,1771718400,45,0,1.0,,,,likely_non_hate
UgwQIR3VNCe3OukVBeN4AaABAg,HeGfRTka3TQ,"Талкуунар магга жакты колдоймун мыйзамга киргизгиле тезирак,,👍👍",0,1653177600,7,0,1.0,,,,likely_non_hate
UgxsNQ5YVPLoG1x_Qzt4AaABAg,va4UkKaVJ8k,Азаматсыңар жабык эле койгула.,1,1753142400,4,1,1.0,,,,likely_non_hate
Ugy-XGXBYv054s7YMxV4AaABAg,va4UkKaVJ8k,Болот юнусаливадагы кореянканы да караш керек,0,1753142400,6,0,1.0,,,,likely_non_hate
UgyS9qP9K-sdYdyrIiR4AaABAg,KSVY5SRkfn8,ОПГ жоголбойт окшойт,4,1771718400,3,0,1.0,,,,likely_non_hate
UgxDiKKbwf7diWgw4Xx4AaABAg,HeGfRTka3TQ,Өзүңө сак бол коңушуңду ууру тутпа😂,2,1590105600,6,1,1.0,,,,likely_non_hate
UgwNYynzOZhk-awNxbB4AaABAg,KSVY5SRkfn8,"Мыйзамдуу ОПГ лар, соз жок Бир куну олкобузго кыямат кылмак беле жетекчиси баш болуп😮😮😮",32,1771718400,14,0,1.0,,,,likely_non_hate
UgxpY3PiGKQZiugXUc54AaABAg,rcF3WelvY18,"Урматтуу мекендештер! Сиздерден өтүнүч — биздин баракчага катталып коюуну унутпаңыздар. Сиздердин ар бир колдооңуздар биз үчүн чоң дем, иштердин алдыга жылышына түрткү болот. Эгерде дагы коомчулукка терс таасирин тийгизген учурларга күбө болсоңуздар же маалымат болсо, бизге кайрылсаңыздар болот. Бирге аракет кылсак — оң өзгөрүү болот!",140,1753142400,45,1,1.0,,,,likely_non_hate
Ugzj6-zgagZPLqMlEi54AaABAg,rcF3WelvY18,"Жоғосун ушундай лгбтлар! Қырғыздын салтына, динине, тарыхына туура келбеген көрүнүш!",0,1753142400,10,1,1.0,,,,likely_non_hate
Ugxx1pYC8S5zykl3Fyd4AaABAg,va4UkKaVJ8k,Акыретте өтө жаман ахвалда лгбт ларга каршы түшүндүрүү иштерин жүргүзүү керек Кудай алар менен сүйлөшпөйт түз тозокко кетирет дуал кылалы коомду таза сактап урпактарга өткөрүп берели,1,1753142400,26,1,1.0,,,,likely_non_hate
UgzGii0CmAMB44jtpv54AaABAg,MzmJyHQlS5Y,Ашанын шоопуру аркылуу жасаган кашасынын бири!,1,1716336000,6,0,1.0,,,,likely_non_hate
UgzCZHMMakyNt_k-MgN4AaABAg,fIXFhZQ1Irg,Карасарьова..Директор болуп...уйдо эле жатпайбы...зарплата наверное ей не хватает...вот и решила пойти на митинг за счёт Сша,0,1590105600,16,0,1.0,,,,likely_non_hate
Ugx-VLFGvC2DKDRH-FV4AaABAg,rcF3WelvY18,Нельзя лезть в чужую жизнь перед АЛЛАХАМ ОНИ САМИ ОТВЕТЯТ за себя вы даже рядом не будете стоять 😏,2,1755820800,19,0,1.0,,,,likely_non_hate
Ugx0WDnHml1vVwVEj4N4AaABAg,KSVY5SRkfn8,Жон эле спектакль.Бири-бирин чукумай. Бизде баары эле криминал болуп кеткенго.,42,1771718400,10,0,1.0,,,,likely_non_hate
UgyBWqoup-E7JpJuBZ14AaABAg,9SK6boOSZX0,"Шох Искандеров АЛЛАХ тебе судья,остепенись,АЛЛАХпомоги остепенить его и его наемников😢😢😢😢😢😢😢😢😢😢😢😢😢😢😢😢",0,1684713600,10,0,1.0,,,,likely_non_hate
Ugw7nMAjTBm3SmZAHqR4AaABAg,9SK6boOSZX0,"Жер жарылып соруп кетсин жексурлар, тукумунар курут болуп, мин наалат силерге.",3,1684713600,11,0,1.0,,,,likely_non_hate
UgzBqIKqM1spIuDHawp4AaABAg,HeGfRTka3TQ,Айзада эн туура соз суйлоду маладец,0,1590105600,6,0,1.0,,,,likely_non_hate
UgwFA_GCeVpQB0eWdDZ4AaABAg,GE9a-UY4I7E,Феликис кулов дагы бар да,1,1621641600,5,0,1.0,,,,likely_non_hate
UgzvFpp6unzhb2vodwh4AaABAg,8W94yWJHw6A,Уяты жок аял экен бул.,1,1716336000,5,0,1.0,,,,likely_non_hate
Ugy5ev5HoRDWf3m_vkF4AaABAg,MzmJyHQlS5Y,Бийликтегилердин баары Матрайлар менен байланышы бар бизди мамлекеттик уурулар башкарып жатышат бир соо адам жок,1,1716336000,15,0,1.0,,,,likely_non_hate
UgzjkBOKVDkG7VD1CF54AaABAg,rcF3WelvY18,"Жаштар чегип жатышат дейсинер.кальянды кимдин ресторан,кафесинде чегип отурушат.адегенде ошол ресторан,кафелердин ээсин таап жоопко тартыш керек.лгбт итд итп дегендер батыштан келген жок.бул адамдын куноокор табиятында болгон.ошол учун биздин кыкелерде да оорчуп жатат.зордуктоо,олтуруу бизде кыргызда болуп келген.же,муну да батыш уйроттубу.депутаттар казино ачалы,арак ичуу анчалык деле куноо эмес деп Куранга таянып айтып жатат го Малиев.значит верхушке выгодно через наркоту ,казино развращать молодежь,чтобы разбоготеть.даже в христианство запрещает,казино,наркотики,проституцию,педофилию,лгбт.итд.итп.все кидаются на девушек,а кто из насиоует,оставляет беременных,убивают.потом говорят женщины будущие мамы.пусть каждый начнет с себя очистку,прочистку и химчистку в сердце,в разуме и поступках.а то развелось очень святых людей двуличных.если хотите строить здоровое общество,пусть начнут с себя .",0,1753142400,100,0,1.0,,,,likely_non_hate
UgwUHUiE1j5_4nSwLBd4AaABAg,MzmJyHQlS5Y,Эдил сен деле таза эмессиң сага порца жетпей калганда 😃😃😃😃,0,1716336000,10,1,1.0,,,,likely_non_hate
Ugw-LRkhItVVIIgO0eB4AaABAg,8W94yWJHw6A,Ушуларды эл кууп чыкпаса булар кетпейт,0,1716336000,6,0,1.0,,,,likely_non_hate
UgwgYHFNmP2TJofNW2l4AaABAg,rcF3WelvY18,Молодец Мунарбек! Ошондой коомго терс корунушторду жоготкула!,10,1753142400,7,0,1.0,,,,likely_non_hate
UgxRf0yzMbx3VGXGKuR4AaABAg,HeGfRTka3TQ,"Зомбулук, забота, смски, коом, ыдык пыдык ха-ха-ха-ха что за детский сад",0,1558483200,11,0,1.0,,,,likely_non_hate
UgxAz6-Xdh9VQgJerXx4AaABAg,8W94yWJHw6A,Азаматсыз дагы толугу м-н жанылык кутобуз👍👏✋,19,1716336000,6,0,1.0,,,,likely_non_hate
Ugy5kFh-VEzx35yBzUF4AaABAg,8W94yWJHw6A,Бети жок 24 саат ким иштей алат надира кетип калчы,0,1716336000,10,0,1.0,,,,likely_non_hate
Ugz9eUEJ6bXY7H-vdfV4AaABAg,bXQ7pHLuXSc,Педарасты чтоб я твоих всех родственников в род кончал мрази убийцы воры Курманбек ылайым орууп ордунан жылбай кааатууу кыйналып курман бол ооомииин,0,1684713600,22,0,1.0,,,,likely_non_hate
Ugy872O-SQmrHZatgxp4AaABAg,KSVY5SRkfn8,ОПГ в погонах,0,1771718400,3,0,1.0,,,,likely_non_hate
UgyeuGMH-t62yLVPHbN4AaABAg,MzmJyHQlS5Y,Раим бирок жакшы адам,0,1747872000,4,0,1.0,,,,likely_non_hate
Ugz-03GjwPcd44Qctst4AaABAg,MzmJyHQlS5Y,Матраимовдун иштеп аткан убагында арзан запчастьттар келчу эле жаман жагын эмес жакшы жактарын дагы караштырып койгула,0,1716336000,16,0,1.0,,,,likely_non_hate
UgzFvDtOPGBTuZTDsyJ4AaABAg,9SK6boOSZX0,"Бул терористичний олко деп саналуу зарыл!!! Оондо каралу керек буунун мучолору дагы конул бурбаса, ушул ишуе кызыктар экенин тушунсок болот. Америка конгрессин гаагага берилишин талап кылуу зарыл, анткени терористерди машыктырып жана курал берип жатат акыркы жылдары.",0,1684713600,36,0,1.0,,,,likely_non_hate
Ugwo9zfyjIkHQFXC8mt4AaABAg,8W94yWJHw6A,Аа батукаевдерчи не болот,0,1716336000,4,0,1.0,,,,likely_non_hate
UgwWzmN7ggNV8k-pOad4AaABAg,MzmJyHQlS5Y,КРАСОВЧИК МАТРАИМОВ эр азамат эркек экен эл учун да жасады жакшылык колунан кокко тикенек келбегендер,1,1716336000,15,0,1.0,,,,likely_non_hate
UgznGvZENpxj3x2mzex4AaABAg,8W94yWJHw6A,Президентке Эми ишендим камалса1000 процент ишенем эмт,0,1716336000,7,0,1.0,,,,likely_non_hate
UgzxXIv4QZ5yEqe_a914AaABAg,9SK6boOSZX0,Иншаллах тазиктер жооп бере турган кун келет Иншаллах,0,1684713600,8,0,1.0,,,,likely_non_hate
UgxVLg6Wh35cRsmGwbx4AaABAg,8W94yWJHw6A,Нарматова сен билбей журосунбу олконун мулкторун вврдап жвруп ьайыган да бизнесмен ьолбосо мейкинбек сен доолур экенсинер,0,1716336000,16,0,1.0,,,,likely_non_hate
UgytM6BnLfJVXzZp0vp4AaABAg,bXQ7pHLuXSc,Журналист иниме айтаарым эгер сен калыс адам болсон кыргызстанды он беш жыл талап-тоноп кыйратып тонналаган алтыны бар милиарддарды сугунган Акаев жонундо эмне учун унчукпайсынарже ал тундуктон болгон учун унчукпайсынарбы тегиз бол элим Бакиев эн сонун президент болгон аны убакыт корсотот ичинер куйсо Бактевдерге туз жалагыла демекчимин.,1,1621641600,46,0,1.0,,,,likely_non_hate
Ugw6fOQbiPk8frtJK514AaABAg,8W94yWJHw6A,Раимге окшогон жеп жутарлар толтура да. Чекесинен кармаш керек.,0,1716336000,9,0,1.0,,,,likely_non_hate
UgwDXlxWjvbtjAMzoMR4AaABAg,iM4S3PDEGDg,Ушундай. Чыгаргвндарды. Атыш. Керек.,1,1774137600,4,0,1.0,,,,likely_non_hate
UgxOz-anf6uhnd8DS3N4AaABAg,GE9a-UY4I7E,Атамбаевдын заказы Атамбай камалсын Кыргыз Элиме Жоопберсин соттолсун,26,1590105600,8,0,1.0,,,,likely_non_hate
Ugx60FRoNlqj1c8HaRJ4AaABAg,KSVY5SRkfn8,Келечекти ойлогондор ото аз!,4,1771718400,4,0,1.0,,,,likely_non_hate
UgyDJQGfmv5ORSl_Dy54AaABAg,9SK6boOSZX0,Харошо делал шох камандири ви напали ви на или ми закончили если ещё раз нападёт ещё ми хорошо отвечаем ви баирактар ом стреляли мечетем убили детеи шох камандири шери нар и точико ви кунгизи таракан чапар туремчик канчик туремчик ещё чево хатите что ви убете а ми нет ми тоже умеем ваина ви не видели ваина ми адин рас видели ми нехатели ви сами первий начили вот так будит это ви немусулман и мусулман и дом алаха несрелят детеи неубиват стариков и беремений женщине несагет ви точна кофир,0,1684713600,88,0,1.0,,,,likely_non_hate
UgwPPUJZMp71yVz_MM94AaABAg,MzmJyHQlS5Y,Баштагы бийлекте емнеге айпападынар,1,1716336000,4,0,1.0,,,,likely_non_hate
UgzpSS9OMj8sRFdSKoR4AaABAg,GE9a-UY4I7E,Ботукаевге эч кайсы кыргыз эч нерсе кыла албайт чечендер котунорду айрып койот,0,1558483200,12,0,1.0,,,,likely_non_hate
Ugx32T54Wmj4bxuNiq14AaABAg,MzmJyHQlS5Y,Сокени матраимов шайлаган президнт кылып,44,1716336000,5,0,1.0,,,,likely_non_hate
UgzsXmDn9AjN1KyOx4p4AaABAg,bXQ7pHLuXSc,Мунун анык аты-жону,0,1621641600,3,0,1.0,,,,likely_non_hate
Ugy80qsTmd9_YGTCYkl4AaABAg,8W94yWJHw6A,Клоп силерге ишенич кыйын,0,1716336000,4,0,1.0,,,,likely_non_hate
UgymeAWv7UBYhquOrH94AaABAg,bXQ7pHLuXSc,Кеткенди койуп Кыргызстандын ичиндегисин эптеп албайсынарбы,17,1590105600,6,0,1.0,,,,likely_non_hate
UgwLHrxGHGtx3m8mhYh4AaABAg,8W94yWJHw6A,Ким кыргызга елге окмотко жакшы кызмат кылса таза мыйзамды билсе жок кылынууда,2,1716336000,12,0,1.0,,,,likely_non_hate
Ugws6S-9i5sSekQpwHF4AaABAg,KSVY5SRkfn8,Эми тушундунор да неге Ташиевти жумуштан алды,0,1771718400,7,0,1.0,,,,likely_non_hate
UgxDXUP4yUPX7VqA50x4AaABAg,fIXFhZQ1Irg,"Люди, этот марш был против насилия в семьях и за права женщин, детей. ГдЕ вЫ туТ вИдеТе пРоПагАнДу лесбийства и лгбт в общем?",6,1590105600,23,0,1.0,,,,likely_non_hate
UgyWv04kd5KsqCyf22Z4AaABAg,bXQ7pHLuXSc,Кыргызстандын акчаларын алтындарын уурдап кетип салып атат да,1,1684713600,8,0,1.0,,,,likely_non_hate
UgyT6S22HmXGhv0W3kl4AaABAg,MzmJyHQlS5Y,Азыркы муфтий татыктуу эмес муфтий сыягы жок,0,1716336000,7,0,1.0,,,,likely_non_hate
Ugw-0XjCUc3HD6p0-Z54AaABAg,MzmJyHQlS5Y,Тубаса туулган Ууру экен да Атасы кандай киши болгон Ууру окшойт да,0,1716336000,12,0,1.0,,,,likely_non_hate
Ugzz8WJ2H06c_8kwnk94AaABAg,HeGfRTka3TQ,Менин оюм боюнча кыздар скромный журуш керек го оронуп жок дегенде кыска эмес кийимерди кийиш керек го.Эгер кыздар кыска жана денеге жабышкан кийим кийсе любой эркек тиктей а изврашенец не кыларын билбейм ойн.ошол учун скромность и еше раз скромность,0,1558483200,39,0,1.0,,,,likely_non_hate
UgxzkhYSF6N7qQZusMN4AaABAg,HeGfRTka3TQ,Кары кишилерге ынсап ыйман берсин карыганда какжандабай баарын эле айтбайм арасында барэкенда окунучту,0,1716336000,13,0,1.0,,,,likely_non_hate
Ugx1fMSPuyXa7nN0zFp4AaABAg,GE9a-UY4I7E,Калмаматов туура айткан экен,0,1684713600,4,0,1.0,,,,likely_non_hate
UgxmnI9emtI9C_uBQTp4AaABAg,iM4S3PDEGDg,Это было 2010 году?,2,1774137600,4,0,1.0,,,,likely_non_hate
Ugz7hlUhmlT6pdWPvzp4AaABAg,rcF3WelvY18,"Потому что хозяева заведение при деньгах и все рот закрывают, наш будущий поколение уже половина наркоманы",0,1755820800,16,0,1.0,,,,likely_non_hate
UgwAmcRMWQf5cWEbgEB4AaABAg,HeGfRTka3TQ,Чалып атса номерди которуш оп оной 100единицанын 25шине номеринди Котор бербе эчкимге болду ечким чалбай,0,1558483200,15,0,1.0,,,,likely_non_hate
Ugy3ZFSbh2y0S9OnXPF4AaABAg,GE9a-UY4I7E,жалдырап каякты карап отурасынар,0,1558483200,4,0,1.0,,,,likely_non_hate
UgyZYq27VLLtv5hDbC94AaABAg,HeGfRTka3TQ,Экинчи кыздын аягы эмне болуптур? Созун болуп башкага буруп салдыго,0,1653177600,10,0,1.0,,,,likely_non_hate
Ugyhpu8W4yB9s8NRcv54AaABAg,KSVY5SRkfn8,Кайран кыргыз'карыган кыргыз!.,0,1771718400,3,0,1.0,,,,likely_non_hate
Ugwdryus_S5dILCTx4N4AaABAg,9SK6boOSZX0,Глубокий анализ кроссовок,0,1684713600,3,0,1.0,,,,likely_non_hate
UgwXgLgyvUKHU8fCQt54AaABAg,bXQ7pHLuXSc,Бул дуйно аябай узак аябай кооз корунот бирок бир эшиктен кирип кайра экинчи эшиктен чыгып кетебиз эч нерсе алып кете албайбыз байлык акча жардам бербейт чогулккан байлыкка сурак беребиз Аллахтын алдында элдин акчасын озуно чогулкан болсо сурак аябай узак болот да туугандар.болунбойлу кыргыз эл бир бирибизге жардам берели сооп кобурок табалы акыретке даярданып политикага берилбей Аллахка жакындайлы эл биримдик болуп озубуз корупция менен курошпосок озубуздон баштап тазаланбасак ойдо жактагылар жыргатпайт.карга карганын козун чукубайт.ошону учун туштук бакиевди колдобой.тундук атамбаевди колдобой бир эл болушубуз абдан зарыл,0,1558483200,84,0,1.0,,,,likely_non_hate
UgzKnxAfWpKFROdsx6B4AaABAg,HeGfRTka3TQ,Ошол эркек сага кызга кызыкпаш учун Аллах Тааланын буйругун кыз кишиге милдет кылган ХИДЖАПты кийиш керек. Ошондо гана эркек кишинин сексуалдык козгоосу ачылбай ХИДЖАПчан кызды коргондо. Ар бир кыздарыбызга Аллахым ыйман Ынсап берсин...,0,1590105600,33,0,1.0,,,,likely_non_hate
UgyIgZgd2lWwqPxwTvF4AaABAg,KSVY5SRkfn8,Охренеть как они могли в струкруру попасть ???,1,1771718400,8,0,1.0,,,,likely_non_hate
UgwskEIs9GAFUeSojm94AaABAg,HeGfRTka3TQ,"Биз алсызбыз деп эле жатып алышыптыр кудай берди деп эле.кыз кыздай болуп жабык кийинип коздон далдоо журсо эч Ким деле конул бурбайт, озунор ачык-чачык,жарым-жыланач журосунор коз-коз болуп делебе козгоп, анан зордоду-кордоду дейсинер уялбай, силер кыздарды эмес батыштын уяты жок саясатын коргоп жатасынар.",0,1558483200,42,0,1.0,,,,likely_non_hate
Ugzc51ftPJkvw958CoR4AaABAg,rcF3WelvY18,Тез убакта караш керек К Ташиев мырза ото татаал маселе чынында.,19,1753142400,11,0,1.0,,,,likely_non_hate
UgyM_mnfyFEzK-SLS194AaABAg,8W94yWJHw6A,Кыргызстан 🇰🇬 оркундой Бер гулдосун 🤲,22,1716336000,6,0,1.0,,,,likely_non_hate
UgwNUa8AMS8Htfl9o9F4AaABAg,8W94yWJHw6A,Надира сен биринчи кетишин керек оз оордун менен,0,1747872000,8,0,1.0,,,,likely_non_hate
UgwyuBYOk2HHkDOuYD14AaABAg,KSVY5SRkfn8,"УКМКаны мынча жарыя кылдыңар,интернетти чет Өлкөлөр жана башка дунуё жүзү көрөт.Кыргызстанды,Элинин кемсинтип жатасыңар ушул жаман алып келгиче президент эмне кылып жүргөн,кайра колдо корсотуп жүрүүгө.",2,1771718400,24,1,1.0,,,,likely_non_hate
UgwRqFb1HH0hegeIkLR4AaABAg,bXQ7pHLuXSc,Олуп эле калгыла сволочтор уурдап алып кеткен акчаны ала алмак тургай орусча суйлой албай откондо спикер чулдурап кулку болду . Силер качпаган алсыз адамды кемирип мулжугонго эле кыйын экенсинер чондор .,0,1590105600,31,0,1.0,,,,likely_non_hate
UgziDkJI9GokLB8aHg14AaABAg,MzmJyHQlS5Y,"АЗАМАТ АЛИ БАЛАМ, ДЕН СООЛУК КУДАЙЫМ СЕНИ КОЛДОСУН🤲🤲🤲",9,1716336000,8,0,1.0,,,,likely_non_hate
UgwJnYjcHviU5b-wIiZ4AaABAg,9SK6boOSZX0,Таджикистан ды басып алабыз буюруса дагы бир жолу ундай кайталанса иншаллах,0,1716336000,11,0,1.0,,,,likely_non_hate
UgzMADqC6Ljn78Y6Tfp4AaABAg,8W94yWJHw6A,"Ээх бийлик байлык чондордун чыныгы жуздору кандай, бийлик дегенде бир тууганын да тааныбайт ээх жаман эмне учун шайлангандары белгилуу аман болгула жеткен акылынар озунорго буйурсун",0,1716336000,25,0,1.0,,,,likely_non_hate
UgwmSAFl6ouwFwUQumN4AaABAg,MzmJyHQlS5Y,Алишер козуевди жусуп коргонбай уулу дагы корупсионер,0,1716336000,7,0,1.0,,,,likely_non_hate
UgzKIXST1hX-DvrmVDN4AaABAg,GE9a-UY4I7E,"Рысалиев, уялчаак сөрөй эл алдында жоопко тартыласыңар.",1,1653177600,7,1,1.0,,,,likely_non_hate
UgyhL738ZhBSPQmbIcN4AaABAg,MzmJyHQlS5Y,"Ушуга окшогон ""канчаямдар"" деп сүйлөгөндөр бийлике келсе ушундай бардак болот экен да мамлекетте",1,1716336000,13,1,1.0,,,,likely_non_hate
Ugwkgl5n3vz6n5Cc5TZ4AaABAg,9SK6boOSZX0,Шох нарко бизнес боюнча учуна чыккан мен бул адамды 2000жылы уккам жергетал р Нуна барганда ошол мезгилде райондо начальник милиции болгон райондун акими биздин токтогулдук эжебиз экен,0,1684713600,27,0,1.0,,,,likely_non_hate
UgyTe7OdZvBZmUZG5Hp4AaABAg,HeGfRTka3TQ,Ну ё ма ё,0,1558483200,4,0,1.0,,,,likely_non_hate
Ugw3DV-wWPBrVPUQ_BZ4AaABAg,8W94yWJHw6A,Конечно жардам берет канча адамдарды сыздаткандан кийинанын озунун жанынан кетип жатат беле.,0,1716336000,12,0,1.0,,,,likely_non_hate
Ugz92llZfQTCbZkl1jt4AaABAg,GE9a-UY4I7E,Биздин чиновниктер ОПГ эле болуп калды Атамбаев Салянова Рысалиев баш болуп..,0,1558483200,11,0,1.0,,,,likely_non_hate
UgwD-f6bp8Ns1KuLxLh4AaABAg,KSVY5SRkfn8,Койлорум тууса атарын Пито возлин лизун кучук деп атап коё,0,1774137600,10,0,1.0,,,,likely_non_hate
UgzXv-OAnkbkYjapm4B4AaABAg,HeGfRTka3TQ,Турмушта ар кандай неселер болот. Баардык кыздар силердей болсо..,0,1590105600,9,0,1.0,,,,likely_non_hate
UgwFZzZHVpybuGm23qp4AaABAg,9SK6boOSZX0,"Энелердин коз жашы,кырчындай жаш омурлордун каны уктатпасын зулумдарды!!!",1,1684713600,8,0,1.0,,,,likely_non_hate
Ugw2yUZHyhGbyzC2slh4AaABAg,KSVY5SRkfn8,Белые придут грабит.красные придут грабить деген заманда,3,1771718400,7,0,1.0,,,,likely_non_hate
Ugya-TIu5SV7X0a59kt4AaABAg,MzmJyHQlS5Y,Чын эле клан турбайбы раим,1,1716336000,5,0,1.0,,,,likely_non_hate
Ugx6_SsTVASZrIQQbAh4AaABAg,rcF3WelvY18,эн сонун жумуш аткарыпсыздар,0,1766361600,4,0,1.0,,,,likely_non_hate
UgyEo8phusEqQzOsfuF4AaABAg,HeGfRTka3TQ,"Сойруйуп суйлой бербей озунорду жакшы алып журсонор эчким ыдык корсотпойт кыздар ушинтип эфирге чыккандан уялбайсынарбы каерден топтоп келди силерди, акылдуу кыздар келбейт мындай эфирге!",0,1590105600,24,0,1.0,,,,likely_non_hate
UgxznipUTz-AxB-VbpN4AaABAg,bXQ7pHLuXSc,Мне ишин бар кандай уйдо жашайт,0,1590105600,6,0,1.0,,,,likely_non_hate
UgyU_riiHR1GWR-FHeV4AaABAg,bXQ7pHLuXSc,"Азаттык азаматсыздар ишинер илгери болсун,",11,1558483200,5,0,1.0,,,,likely_non_hate
UgyGG68Feil2X6Qh5hx4AaABAg,MzmJyHQlS5Y,Соке болду эми сен факты факты деп журуп 3 жылды откордун текшерип болдун😂,0,1716336000,13,0,1.0,,,,likely_non_hate
UgxehgJJ5upECKPrHCt4AaABAg,8W94yWJHw6A,Атазов угинтип кычырап спортчу депутат болбой олбойсунбу.Бироонун жугудукору болгуча шестёрка,0,1747872000,10,0,1.0,,,,likely_non_hate
Ugw8PrFC5neiUfV8i6R4AaABAg,iM4S3PDEGDg,Эски видиону чыгаргандарды жасалаш кк,1,1776816000,5,0,1.0,,,,likely_non_hate
Ugz0I0t4FvcMLijTAtp4AaABAg,MzmJyHQlS5Y,Акчага бардыгы сатылыптыр.,1,1716336000,3,0,1.0,,,,likely_non_hate
UgxBBtdpdcS1c7XTYLN4AaABAg,HeGfRTka3TQ,Кумтор чечилбей жататко ушунунар чечилеби,0,1590105600,5,0,1.0,,,,likely_non_hate
UgxOyB1KLpGAY_0HM8x4AaABAg,fIXFhZQ1Irg,шерменде эле болдук ушул эле жетпей жаткансып,4,1590105600,7,0,1.0,,,,likely_non_hate
UgxF6U8uVrqYqGrRttB4AaABAg,9SK6boOSZX0,бети жок азабынарды Кудай берсин канча жаш жигиттер кайтыш болду тажикти коргум келбейт.,3,1716336000,13,0,1.0,,,,likely_non_hate
UgxDyZytdGtMjiMsqkJ4AaABAg,9SK6boOSZX0,Мырктар уялбай Алахдан айланып садага кет.,0,1684713600,6,0,1.0,,,,likely_non_hate
Ugys3GJy0t-XGPGKrx54AaABAg,9SK6boOSZX0,Генерал шох дегенин кармасак опкосун жулуп алат элек,0,1684713600,8,0,1.0,,,,likely_non_hate
UgwoJtdH69Vp6Wd3cVh4AaABAg,9SK6boOSZX0,Мы Таджики не врагом ишо немного вы ето увидете!,0,1716336000,9,0,1.0,,,,likely_non_hate
UgwqJel9puw6ZXzRQKl4AaABAg,rcF3WelvY18,Чекит молодец тура жумуш кылотасынар!,0,1753142400,5,0,1.0,,,,likely_non_hate
Ugxg0Uu94B-xz0orVf54AaABAg,9SK6boOSZX0,Кыргызстанда жашаган Кыргыздан башка Улуттарды Баткенге жөнөтүү керек Мекенди коргоого. Кыргызстанда жашап Мекенди коргобой качып жүрүшөт Камчыбек Мырзага жеткиргиле....,1,1684713600,19,1,1.0,,,,likely_non_hate
UgwcH_UBFdb5TCMg3Ed4AaABAg,HeGfRTka3TQ,Азаттык силер четен аштынар,0,1621641600,4,0,1.0,,,,likely_non_hate
Ugxjw7WLERoo-caIpRJ4AaABAg,HeGfRTka3TQ,Айзада маладец сени суйп калгыдай соз айттын мына ыймандуу айымсын сен менен жашаса кызганбай еркин жашаса болот 😀карындашым ыдык деп ойлобо 🙏,0,1621641600,22,0,1.0,,,,likely_non_hate
UgxZePnbJsw5VhlWNuB4AaABAg,bXQ7pHLuXSc,Максим Бакиев акылдуу ал значт британияга да керек адам экен биз баркына жетпедик,0,1590105600,13,0,1.0,,,,likely_non_hate
Ugy-vM9eAUNmZdWzrPN4AaABAg,GE9a-UY4I7E,"Атанбаевдин оозу мурду кыйшайбай интервью бергенин бул адамдын,Атанбаевдин уруксаты менен болбойт бул операция,! Жизнь бумеранг деген ушул да,Атанбаев Турмодо отурат ошол себептен!!!",0,1653177600,22,0,1.0,,,,likely_non_hate
UgwiuFwqdTYI6E9CQnh4AaABAg,rcF3WelvY18,созсуз турбо жабылсын,0,1755820800,3,0,1.0,,,,likely_non_hate
UgxVKVewccFfMHvMlc54AaABAg,HeGfRTka3TQ,Айзада акуулду экен,0,1558483200,3,0,1.0,,,,likely_non_hate
Ugz5adUQZIN4rChe7i14AaABAg,GE9a-UY4I7E,Кулов кылган бардык нерсени,0,1684713600,4,0,1.0,,,,likely_non_hate
Ugys_oEusOn6HUGnRbh4AaABAg,mOGb4Wzdbv4,Аллаху Акбар.Кана Муфтий эмнеге ооз ачпайт,0,1684713600,6,0,1.0,,,,likely_non_hate
UgxBz7dsZLcxvfJhpcN4AaABAg,bXQ7pHLuXSc,Максим озунчу кыргыз сезбейт,0,1558483200,4,0,1.0,,,,likely_non_hate
UgyjZxm7MVFzS2-Z6KB4AaABAg,HeGfRTka3TQ,ТУУРА АЙЗАДА ТУУРА СУЙЛОДУ. Кыздар барыле 😅🤣 десе эркек жолугалы деп айтатта кыз бала жогол деп жооп берип салса . Баардык эркек кой ыймандуу кыз экен молодец деитта,0,1653177600,28,0,1.0,,,,likely_non_hate
UgzyU8DTwouOxrofsSx4AaABAg,MzmJyHQlS5Y,Алиге кыргыз Эл баатыр наамын бериш керек,0,1716336000,7,0,1.0,,,,likely_non_hate
UgyEIW9OZ_uNIjMY7mt4AaABAg,KSVY5SRkfn8,Ташиев озу Опг болуб калган екенда,124,1771718400,6,0,1.0,,,,likely_non_hate
UgxOTEnW0fRICO2Kj9B4AaABAg,GE9a-UY4I7E,Батукаев готтерин сигеди чечен,0,1526947200,4,0,1.0,,,,likely_non_hate
Ugzru6xvDFmYpl8SkKZ4AaABAg,8W94yWJHw6A,Нарматова матрайимов кридит алып эки миллион токту деп уялбай кантип айттын канчык,0,1716336000,12,0,1.0,,,,likely_non_hate
UgymAS9DRGIULx-ctBZ4AaABAg,9SK6boOSZX0,Джапджиктер енен драйн десе,0,1758499200,4,0,1.0,,,,likely_non_hate
Ugy0TnL_3Bdf7s7SM8p4AaABAg,bXQ7pHLuXSc,Молодец халали бат жашай берсин. Бакиев кайра келсин Кыргызстанга. Бирок алар мага эч кандай пайда же зыяны жок. Атасы жакшы иштеди Курманбек Бакиев. Максим Молодец Кыргызстандагы Байларды жаман сикти дагы сиксе келип депутаттарды .,9,1558483200,34,0,1.0,,,,likely_non_hate
UgyD8UsWGm-AzE1_73B4AaABAg,HeGfRTka3TQ,Суйуу жашка карабайт.,0,1621641600,3,0,1.0,,,,likely_non_hate
Ugy4vuiZZ5sNgWkTFtd4AaABAg,8W94yWJHw6A,"Акылбек Жапаорв качан суралат,качан кусат,качан камалат.Жок го убадаңар",0,1716336000,8,1,1.0,,,,likely_non_hate
UgwEY59mLeGPisIRgLx4AaABAg,8W94yWJHw6A,Кыскасы Садыр Нуркожоевич красавчик айрыды😂😂😂,1,1755820800,5,0,1.0,,,,likely_non_hate
UgyWpEACGHhCueZwr9F4AaABAg,HeGfRTka3TQ,"КОЙЧУАЙ ЖОМОКТУ ЖООРУБАГЫЛАЧЫ,ЖОН ЭЛЕ ОЛУМУШ БОЛБОЙ,КАНДАЙ ЭЛЕ НЕМИС ТИЛИН БИЛЕСИНБИ ДЕП АЙЬКАНЫН,😠😠😠😠",0,1558483200,12,0,1.0,,,,likely_non_hate
UgyNiqOm_UVOspcItPx4AaABAg,va4UkKaVJ8k,"Туйруш керек буларды ойгонсонор боло,намыс деген жок калды",0,1753142400,8,0,1.0,,,,likely_non_hate
UgzxM2KXs8FZr_Pf-Ax4AaABAg,9SK6boOSZX0,"Шох или Пох если нарушит границу получить пизды, не смотря кто он.",0,1684713600,12,0,1.0,,,,likely_non_hate
UgxQpHnmnnuP34B7u4p4AaABAg,bXQ7pHLuXSc,Башты оорутпай Бакиевдерди териштире бербей жанынардагы Атанбайды териштирип алгылачы,1,1558483200,9,0,1.0,,,,likely_non_hate
Ugwl72owCEcYdeLmSc94AaABAg,HeGfRTka3TQ,Кыргызча берүү болуп аткандан кийин Кыргызча эле сүйлөсө ортодон эфирди бузуп чала Ообу жоктор көбөйдү чоң эле аялдар уялсанар боло,0,1684713600,20,1,1.0,,,,likely_non_hate
UgxAV5qAUVOj1rFQqjZ4AaABAg,9SK6boOSZX0,Молодец факт менен чыгып иштерине ийгилик. Кыргызстан онугуп тынчтыкта жашасын Алаахым жар болсун,0,1684713600,13,0,1.0,,,,likely_non_hate
Ugw49TM721h10S_eoSp4AaABAg,rcF3WelvY18,Ущ8 Бахтияр Деген. Каттуу жаза албаса кийинкилерин. Да таап жоопко тартыш керек штраф менен чектелбеш керекко,0,1753142400,16,0,1.0,,,,likely_non_hate
UgxU2DHZ4ovJZNSnDhR4AaABAg,KSVY5SRkfn8,С.н.жапаров. туура кылды. Камалсын баарыбыз мыизамга баш ийип жашашыбыз абзел.,0,1771718400,10,0,1.0,,,,likely_non_hate
UgysP4hE-XZfT1HrB6J4AaABAg,MzmJyHQlS5Y,Раим миллион Раим миллион калат уууураа дедик эле садыр айтканда 💯 ишенгем,4,1716336000,12,0,1.0,,,,likely_non_hate
Ugx8-dnkfVKxzkl2X054AaABAg,rcF3WelvY18,Жоок кок меедей болуп ошол кафедеги отургандарды штраф салбай кафенин ээсине салбайсынарбы,0,1766361600,12,0,1.0,,,,likely_non_hate
UgzVbItD98T5F8swV7N4AaABAg,KSVY5SRkfn8,Өлкө Президенти эми Акылбек Жапаровду мыйзам жоопкерчил игине тартабы ?,0,1771718400,10,1,1.0,,,,likely_non_hate
UgzjpxAbIj_JmDth1LR4AaABAg,MzmJyHQlS5Y,"Просто слов нет, одни эмоции....",21,1716336000,5,0,1.0,,,,likely_non_hate
UgwH_ws3YaxlHGdFRNJ4AaABAg,8W94yWJHw6A,Над ра нарматова матраимов бажыдан уурдап силерге берген альайткойсонор болмок мына квнолуулор,0,1747872000,12,0,1.0,,,,likely_non_hate
UgzyCjisIA4QFcs3xdB4AaABAg,8W94yWJHw6A,Нарматованы жойуш керек.,1,1716336000,3,0,1.0,,,,likely_non_hate
Ugx4CQMd2XQWL2SEY894AaABAg,mOGb4Wzdbv4,"Астагфируллох,оллохим узи хидоятоасин,иймонимизи бутун килсин",5,1684713600,5,0,1.0,,,,likely_non_hate
UgzT_2lj1y4o6pf64AV4AaABAg,9SK6boOSZX0,Душмандар эртели кеч дагы да кол салышат. Даяр туруш керек. Бөлунбөй биргелешип бир муштун менен буларды жайлаш керек.,1,1684713600,18,1,1.0,,,,likely_non_hate
Ugw6KOxTXPigRBivH5J4AaABAg,MzmJyHQlS5Y,Матраимовдор мечит салды биздин айылга телманга уррубу башкабы бтдбейм ошол мечит бизге калды,0,1716336000,13,0,1.0,,,,likely_non_hate
Ugx5rtgAy7Tan7moUJF4AaABAg,8W94yWJHw6A,И кендер Матраимов. Трансфарматар Нодира хатун. Кармалышы керек. Созсуз,0,1716336000,9,0,1.0,,,,likely_non_hate
UgwS0m7JVZiY1Sm32cp4AaABAg,KSVY5SRkfn8,"Эй эксперт далдырабачы!!!! Эду нарын дык жонокой эле жургон бала болчу ,бирок жакшы окуган бардар Уй булонун баласы, жанындагылар кенедей кездеринен эле дос классташ,группалаштары!!!баары Тен эле намаз окуган карапайым эле Уй булонун кадимкидей эле жонокой эле жургон балдар болчу!!! Жаштык кылып коюшту го!!! бийликтин указаниясын билбей кылып алышты го дейм мен",0,1774137600,51,0,1.0,,,,likely_non_hate
UgzIGKlzSbPivRl6mvh4AaABAg,bXQ7pHLuXSc,"Кимдер коргоп келетт азыркы бийлик эле икучуктору. Акаев тасты суттон ак кылдыго. Акаев таз уйротту акча квйсы жерде жкенин,Кемпир - Абад миллиард доллар?.",1,1716336000,23,0,1.0,,,,likely_non_hate
UgwVAjKWDiC3FomAmpR4AaABAg,MzmJyHQlS5Y,"Аллама мин мертен шугур,,, Аллам озу жиберген окшойт биздин Президен тибиз ди, 👍👍👍",10,1716336000,13,0,1.0,,,,likely_non_hate
Ugz-c2TExHj9EViDGCJ4AaABAg,9SK6boOSZX0,Жапаровко дагы мине далидер керек междинароный сотко кайрылганы же Жапаров саткын чыкынчыбы,0,1684713600,12,0,1.0,,,,likely_non_hate
UgwL7PwwjGVORqlbwrV4AaABAg,KSVY5SRkfn8,Ошол учун Ташини иштен алганго,0,1771718400,5,0,1.0,,,,likely_non_hate
UgwT0DCvWldGn4CpcW94AaABAg,9SK6boOSZX0,41-жылы кыргыз орус дебей бардыгы биригип немистерди жеңишкен азыр биздин ветерандар угуп көрүп жүрөктөрү ооруйтго адамдын жанын алыш бир кудайга таандык ким биринчиден баштаса Кудайымдын каргышы урсун 🤲,3,1684713600,28,1,1.0,,,,likely_non_hate
UgzKqfBSjeDEa2ngVeF4AaABAg,8W94yWJHw6A,Мен Райым Матраимовду колдой оз эмгеги мн акча тапкан ал болбосо кытайдан келген жук азыркыдай кымбат келмек оз убагында дордойдогулорды дагы байытты,0,1716336000,22,0,1.0,,,,likely_non_hate
Ugy0s-MXGJU87puMrqN4AaABAg,HeGfRTka3TQ,Айзада ен тура суйлодкн,0,1590105600,4,0,1.0,,,,likely_non_hate
UgxxmGfkeTgIoeA0b-B4AaABAg,KSVY5SRkfn8,Жакыпбеков сени о дуйнодо камчы колбаев кутуп жатат😂😂😂,0,1774137600,8,0,1.0,,,,likely_non_hate
UgwB_2jG9SOmqKzLg0l4AaABAg,va4UkKaVJ8k,Эдил байсалов колдойт буларды,0,1753142400,4,0,1.0,,,,likely_non_hate
Ugxwy2JibAS-9vYm74x4AaABAg,8W94yWJHw6A,Атазовтун бети чыгып каптырго уят камалсын мамлекетке пайдасы тийбеген элге тиебиле атазовту кошуп камасын,0,1716336000,14,0,1.0,,,,likely_non_hate
Ugy43NAS4O4pJ0Jaiql4AaABAg,HeGfRTka3TQ,МИЛИЦЯЛАР козомолдош керек,0,1558483200,3,0,1.0,,,,likely_non_hate
UgxqRdq6deXZexd32kh4AaABAg,GE9a-UY4I7E,салянованы сойуш керек экен. Батукаев мн чогу иш кылат экенда,0,1653177600,10,0,1.0,,,,likely_non_hate
UgwHJJ0FaOqmWeVgKOl4AaABAg,mOGb4Wzdbv4,Ошону оозунан чыгарган адамды айдап салгыла.Озунун жактоочуларына никелешип баш кошсун бетпак.Ыймансыз шайтан.Ушундай арамдар балакет кырсыкты алып келет.Ооздугун тарткыла тартпасанар доо момунду урат.Тойгон донуздар.,0,1684713600,23,0,1.0,,,,likely_non_hate
Ugw8Zduy-ZCBPSLQZLB4AaABAg,GE9a-UY4I7E,"Мед. Заключениясын берген профессору камаш кк, азизтин эжеси олко башчысына разычылык билдирип жатпайбы, уже белгилу болду да кимдин колу бар",0,1526947200,20,0,1.0,,,,likely_non_hate
UgxRrS-6mm5EQ5A5jkF4AaABAg,iM4S3PDEGDg,"Кыргыз элиме тынчтык керек,эски видеону чыгарып элди дурболонго салган жатышабы.",0,1776816000,10,0,1.0,,,,likely_non_hate
UgyhG_uFldRNc1jTtX14AaABAg,9SK6boOSZX0,Шохту атып салгыла да,0,1716336000,4,0,1.0,,,,likely_non_hate
Ugw32VUicmpsYx2lG254AaABAg,HeGfRTka3TQ,Ей кыйындар кыздай болуп еле кийинип журсонор силерге ечким карабайт.фигуран котунордон бери корунуп турса емне кылсын еркетер ошондой болот.,0,1558483200,19,0,1.0,,,,likely_non_hate
UgziSJrmg-ZEGsOtyyd4AaABAg,va4UkKaVJ8k,"Туура Иш жара.Жаабыш керек,жаштар уйдо отуруш керек.Азаматсынар УКМК кызматкерлери.",1,1753142400,9,0,1.0,,,,likely_non_hate
UgzBaAYCWLfHM00V4WF4AaABAg,MzmJyHQlS5Y,Сокени асилбек шакалды камасанар Кыргызстан онугот болбосо ошол акыбал Ошто туштукто только корупция гулдоп онугуп атат туу чокуда,3,1716336000,18,0,1.0,,,,likely_non_hate
Ugz0X_FC9yBn5t0Z9r94AaABAg,bXQ7pHLuXSc,Лондондогу уйлор ото кымбат.!!! Ал акчага ушундай уйдон КРга 5 ти салса болот,2,1590105600,13,0,1.0,,,,likely_non_hate
UgzH_OkwiRVxXrPZM-B4AaABAg,rcF3WelvY18,Жабыш керекда клубтарды,0,1753142400,3,0,1.0,,,,likely_non_hate
Ugxd3xYOHtlPIUi2WDd4AaABAg,9SK6boOSZX0,Дикари! На русском и на английском тоже надо всё это рассказать.,1,1684713600,11,0,1.0,,,,likely_non_hate
